id,likeNum,commentsLen,reposts_count,region,content,created_at,type,detailUrl,authorName,authorDetail
5162911978752027,33113,9395,13879,中国台湾,"来自内在的召唤,不为谁的凝视而定义 she is not made to please the gaze. she is made to echo the voice within. sinners in the garden of the seven deadly sins, this is your mommy! ",2025-05-05,热门,https://weibo.com/5162911978752027/PqoCVAINJ,蔡依林,https://weibo.com/u/1742727537
5162927720242175,21483,6147,28402,北京,"破我鸟巢连开纪录啦!北京鸟巢第九场拿下《航天员》 ps:听说我只要在唱《millionaire》(百万富翁)时刮彩票,会中奖?!  ",2025-05-05,热门,https://weibo.com/5162927720242175/Pqp2k1103,张杰,https://weibo.com/u/1241148864
5162708216841350,53225,3369,2905,无," 先导篇剧透!张泉灵,李艾夫妇,李静,沈月,虞书欣,蔡国庆集结!这可太期待了!",2025-05-04,热门,https://weibo.com/5162708216841350/PqjkhsHKm,新浪综艺,https://weibo.com/u/1878335471
5162721541100170,14870,857,1172,无,"👖5月8日即将举办春季招商会,待播剧中你最期待哪一部?《鼓掌》 肖战,张婧仪《藏海传》 成毅,刘奕君《长安二十四计》 龚俊,彭小苒《暗河传》 任嘉伦,彭小苒《凤凰台上》 杨洋,金晨《凡人修仙传》 宋威龙,鞠婧祎《千香》 鞠婧祎,曾舜晞,陈都灵,田嘉瑞《月鳞绮纪》 王楚然,李宏毅《烽影燃梅香》 敖瑞鹏,孙珍妮《师兄太稳健》 赵今麦,张凌赫《樱桃琥珀》 许凯,刘奕铁《火场追凶》 侯明昊,卢昱晓《入青云》",2025-05-04,热门,https://weibo.com/5162721541100170/PqjFM4CcG,搜狐娱乐,https://weibo.com/u/1843633441
5162698532199925,75438,9127,1169,浙江,惜败山西陡门队《并不简单》,2025-05-04,热门,https://weibo.com/5162698532199925/Pqj4F9eiF,种地吧赵小童,https://weibo.com/u/3146361542
5162355298145433,69532,18838,13536,天津,joker no.38 天津泡泡岛音乐节,2025-05-03,热门,https://weibo.com/5162355298145433/Pqa93yaZX,薛之谦,https://weibo.com/u/1239246050
5160579867082966,81011,12285,13284,浙江,g9❤️💤💤💤,2025-04-29,热门,https://weibo.com/5160579867082966/PppXstIBo,种地吧王一珩,https://weibo.com/u/5955330603
5162849383223337,1751,125,199,北京,"特朗普宣布对海外电影征收100%关税 特朗普称美国电影行业,好莱坞衰退威胁国家安全,这事关宣传和信息主导权。",2025-05-05,热门,https://weibo.com/5162849383223337/PqmZYdwxj,paingod,https://weibo.com/u/1433680664
5162608858237817,29778,2828,6386,河北," 太湖湾音乐节结束后,有网友拍到周深粉丝在观众席自发捡垃圾,清理现场。有的拿着袋子一路走一路捡,有的弯腰默默整理,干净利落,不留痕迹。不是志愿者,也没有谁组织,只是他们觉得:""既然喜欢他,就想把最好的样子留给大家。""《抱一抱》《抱一抱》 23年,24年,25年都能看到周深歌迷散场后捡垃圾的身影,其实这已经成了""生米""的传统。从一场场演唱会到这次音乐节,他们总是悄悄做着这些小事。周深也曾在台上随手十起空水瓶,有怎样的歌手,就有怎样的粉丝。周深温柔体贴,粉丝也把温柔落在了地上。《太开心》《太开心》",2025-05-04,热门,https://weibo.com/5162608858237817/PqgK1yz21,沈翰之,https://weibo.com/u/5310881268
5162690385549282,13876,2404,1233,云南,今日的guayuo🍋,2025-05-04,热门,https://weibo.com/5162690385549282/PqiRwnhCy,管乐嘎嘎乐,https://weibo.com/u/2416794051
5160737655752241,52760,941,104,湖南," 转场拍摄途中, 和 说南北界兽的扮相是三星堆文物, 发出灵魂拷问:那我们打架算不算破坏文物《淡淡的》? 和 控诉自己没有武器《委屈》; vocal属性大爆发, 稳坐vip听众席《打call》西游团成员转场谁也不闲着,各有各的忙活《吃瓜》",2025-04-29,热门,https://weibo.com/5160737655752241/Ppu3Xo8q5,优酷综艺这是我的西游,https://weibo.com/u/7897462336
5162633348256820,3149,101,12,广西,现在的家长心这么大?,2025-05-04,热门,https://weibo.com/5162633348256820/PqhnwyDYw,wu2198,https://weibo.com/u/1216826604
5162650250774851,41092,517,824,无,"《城城考考你:古装女神盘点,谁是你心中的女神top1?》 , , , , , , , , , , ……古装女神盘点,颜值与演技齐飞,谁是你心中的女神?快来为你爱的她投票吧~          ",2025-05-04,热门,https://weibo.com/5162650250774851/PqhON3fzB,河北长城网,https://weibo.com/u/1936119834
5162637016959847,13895,1339,168,无,"《游客吐槽天津一奶茶品牌包装有不雅文字 ,商家:该包装已销毁,不再用》 ""嬲""(niǎo)是何意?5月3日,有网友在社交平台爆料称,其在天津""汝呓如意""奶茶店购买的饮品封口膜上印有醒目汉字""嬲""。包装特别标注该字""多数用作脏词"",令她观感极为不适。此事引发网络热议。 多个ip地址显示天津的网友认为,此字在天津话里不雅也不文明。单字出现类似于骂人的语气助词。但也有观点称,商家的初衷应是为科普生僻字。5月4日,""汝呓如意""官方平台作出致歉并回应称:封口膜上的生僻字是随机生成的,目前印有该字样的封口膜已经统一销毁,不再使用。(上游新闻记者 周荞)",2025-05-04,榜单,https://weibo.com/5162637016959847/PqhtrtczB,上游新闻,https://weibo.com/u/1420157965
5162951217777359,75740,20146,8555,福建,95后高能量女老师的一天 vol .1  ,2025-05-05,榜单,https://weibo.com/5162951217777359/PqpEdwDfh,虞书欣Esther,https://weibo.com/u/5620452341
5162583310732819,62065,11719,58304,天津," 在海边遗憾过的一些,如今也重新回到了我们身边。 歌声点亮着海风中的夜,期待着每一个明天。",2025-05-04,榜单,https://weibo.com/5162583310732819/Pqg4P34DF,王源RoyWang工作室,https://weibo.com/u/6353282636
5162227641090982,48778,8789,5604,浙江,给鞠婧祎化的结构裸感妆~ ,2025-05-03,榜单,https://weibo.com/5162227641090982/Pq6Pa4zOu,华天崎,https://weibo.com/u/1574436402
5162895844315293,16045,714,6297,无,"""顶住对手的连续进攻,用最快的速度反击得分。""近日,国际奥委会官方微博发布视频,回顾 在2024年巴黎奥运会男单半决赛中的精彩得分。戳↓一起回顾。",2025-05-05,榜单,https://weibo.com/5162895844315293/PqocUi6Bv,中国新闻网,https://weibo.com/u/1784473157
5162916886086895,4418,1188,2108,山东,"今天立夏,好吃的西瓜凉糕安排上,软糯q弹,吃完清凉一夏哟!",2025-05-05,榜单,https://weibo.com/5162916886086895/PqoKQpxtJ,番茄酱soso,https://weibo.com/u/3354074740
5162642847828656,20874,1181,1170,广东," 电竞系列idv-es(identityv e-sports)新爆料来袭! 第二支与访客们见面的是blk战队,这支战队由来自同个大学社团的玩家所组成,包括了队长特蕾西,队员甘吉,伊索,伊莱和尚未公开的监管者选手。他们的主题时装, 将在本赛年陆续上线。 一起期待作为高校赛新星的他们所带来的赛场表现~",2025-05-04,榜单,https://weibo.com/5162642847828656/PqhCQwQAE,网易第五人格,https://weibo.com/u/6140485374
5162911979274887,114651,2962,4804,无," 不断突破自我,踏上第四场公演""夜路""之行! 姐姐们携手师姐共进,她们的舞台将会碰撞出怎样的火花?  本周五,每周六12:00芒果tv四公舞台上线 svip额外抢先看下集",2025-05-05,榜单,https://weibo.com/5162911979274887/PqoCVCUOX,乘风2025,https://weibo.com/u/7397600914
5162675266392507,36836,1584,1203,福建,恭喜中国队四连冠 继续努力 加油,2025-05-04,榜单,https://weibo.com/5162675266392507/Pqit8qOYX,石宇奇_,https://weibo.com/u/1964771042
5162730780890181,14077,2430,1589,广东," "" '我'在这。"" 爱丽丝,生日快乐。",2025-05-05,榜单,https://weibo.com/5162730780890181/PqjUG3JzL,网易第五人格,https://weibo.com/u/6140485374
5162918015926743,17890,1803,4911,北京,"生辉熠熠惊蝉喧, 如影随行动长安。 夏意锋芒初试刃, 花藏暗策万物秀。   邀诸君,共襄事 优酷预约 微博预约",2025-05-05,榜单,https://weibo.com/5162918015926743/PqoMFoROD,长安二十四计官微,https://weibo.com/u/7919886343
5162207256248997,16877,442,2187,山东,"奥兰多海洋世界的工作人员,大哥太有梗了哈哈哈哈哈哈,路人也好有戏🤣🤣",2025-05-03,榜单,https://weibo.com/5162207256248997/Pq6ihqdEh,英国报姐,https://weibo.com/u/3099016097
5162923531438289,8793,7358,7043,北京,这烟火人间 事事有遗憾 但事事也是值得的呀❤️,2025-05-05,榜单,https://weibo.com/5162923531438289/PqoVz62ad,张佳宁,https://weibo.com/u/1662532110
5162533107797172,14008,724,930,广东,"协会4+4真的是藏龙卧虎啊。董袭莹是神人,还有金山木,他博士论文《贝伐珠单抗治疗复发性胶质瘤的预后模型》正文仅12页,还错字连篇,逻辑混乱,排版糟糕,居然通过了。董袭莹有人帮忙做论文,但是任性不轮科就不轮科。金山木居然连论文都不想干。 天才一:韩佳澍在2024年,23周岁多已经医学博士毕业了,别人通常是本科毕业差不了多少。 天才二:董袭莹博导是骨科,论文是影像,学位是内科,工作是泌尿外科,轮转期间在胸外科不想走,未毕业出泌尿外科的指南一作。 天才三,金山木,他博士论文《贝伐珠单抗治疗复发性胶质瘤的预后模型》正文仅12页。 这些人都是神人,当然还有要进一步挖出来的。",2025-05-04,榜单,https://weibo.com/5162533107797172/PqeLQwIoQ,前HR本人,https://weibo.com/u/3626485974
5162896082865086,121406,17092,1740,河北," 的表情包被粉丝投放到了摩天轮上,粉丝替一博营业+1《允悲》 ",2025-05-05,榜单,https://weibo.com/5162896082865086/Pqodic1l4,娱乐有饭,https://weibo.com/u/1893711543
5162949417635164,55301,1564,5667,北京,"和九惑battle小小战损了下,不过别担心,你们的阿醉已经从二十年后回来啦~✌️",2025-05-05,榜单,https://weibo.com/5162949417635164/PqpBjw2fO,吴宣仪_Betty,https://weibo.com/u/5796662600
5162887435518633,5518,1335,1592,安徽,"五一假期的尾声,我们决定带着孩子去老家门口的动物园度过一个特别的下午。虽然已经去过不少动物园,但老家的这个动物园对我们来说还是全新的体验。 一进入动物园,孩子就被各种动物的叫声和形态深深吸引。我们沿着园区的小路漫步,探秘不同的动物场景。在勐兽区,孩子看到了威武的老虎和狮子,她的眼睛里闪烁着好奇和敬畏的光芒。我们给她讲解了这些动物的生活习性和特点,让她对大自然有了更深入的了解。 接着,我们来到了草食动物区。孩子兴奋地给羊驼🦙,猴子🐵等动物投喂食物,看着它们满足地吃着,她的脸上露出了开心的笑容。我们还通过趣味科普的方式,向她介绍了这些动物的特点和保护意义。 除了观看动物,我们还参加了动物园举办的亲子互动活动。孩子和其他小朋友一起参与了动物知识问答,手工制作等环节,度过了一个充实而愉快的下午。 最后,我们用相机记录下了孩子那童真的笑脸和与动物们的亲密互动。这些照片将成为我们美好的回忆,也让我们更加珍惜与大自然的亲密接触。 这次带娃打卡老家动物园的经历,不仅让孩子度过了一个快乐的假期,还让她在探秘自然的过程中学到了很多知识。希望以后还能有更多这样的机会,陪伴孩子一起探索这个美丽的世界!",2025-05-05,榜单,https://weibo.com/5162887435518633/PqnZln9Ed,番茄妈妈小唐,https://weibo.com/u/5541912759
5162730803432256,16325,3286,3483,河南," 🏆 胜利的钟声漫过赤色的山岗, 鸽群衔来橄榄枝,在云端回翔。 看啊!那曾被阴霾湮灭的黎明, 正被希望镀上柔和的晨光。 你手中未锈的弯刀没入土壤, 竟长出比守护更葱郁的麦浪。 所有伤疤都结成了琥珀, 封存着黑夜,却透出朝阳。 我们曾在废墟里埋下诗行, 每个字都朝着星空生长。 现在请聆听这沉默的凯旋—— 比所有颂歌都嘹亮的安详。 让晦暗在黑夜中里熟睡吧, 和平的双手,托起胜利的勋章。 奈布萨贝达宁芙之旅圆满收官,感谢大家的一路陪伴。",2025-05-05,榜单,https://weibo.com/5162730803432256/PqjUIeoSY,第五人格佣兵主页,https://weibo.com/u/7822067346
5162910423977262,6458,654,586,北京, cos  怎么十年了还在出同一个角色啊(这话怎么熟悉的仿佛昨天说过……《春游家族》《鲜花》),2025-05-05,榜单,https://weibo.com/5162910423977262/PqoAqgGFo,KumaQi熊祁,https://weibo.com/u/2294060951
5162643536217789,12902,541,317,广东," 夜幕降临,月光凝结之时,回忆开始褪色, 准备好听睡前故事了吗? 全新稀世时装系列——《怪念集》即将开启,首款系列时装的选定角色为哭泣小丑,将在暑期上线游戏商城。届时,访客们可使用碎片或回声兑换。",2025-05-04,榜单,https://weibo.com/5162643536217789/PqhDXq5wV,网易第五人格,https://weibo.com/u/6140485374
5162187199876186,23184,2240,1654,上海," 赛场快讯 | 冠军心声 体育竞技的魅力,不只在夺冠的瞬间闪耀。 每一段胜利背后,都有他想与你分享的故事。 快来听听他的夺冠感言吧~",2025-05-03,榜单,https://weibo.com/5162187199876186/Pq5LVFrfk,光与夜之恋,https://weibo.com/u/6880285576
5162549586956968,21651,2735,1445,上海,"💌和沈星回的春游灵感 从杂物间里翻出复古相机,还剩下最后的几格胶片,不如一起去记录去年种下的花绽放的时刻。 在绵延的花海中为他拂去飘落发间的花瓣,此刻彼此眼中,有永恒的春天。  官方下载: 📼你和沈星回在春天里留下了怎样的纪念?有哪些想要和他一起体验的美好瞬间? ↓ 记录下来回赠给他吧&gt;&lt; 🎁欢迎猎人带话题tag发帖,或评论区直接分享,文字,图片,截图均可! 阿空将从参与分享的猎人中随机抽取5位,私信掉落""钻石*100,体力*100,金币*10000""的兑换码礼物一份! ———  跨越光年,与你并肩。 《恋与深空》3.0年度版本""万象遇你""现已开启! 🪐官网下载:",2025-05-04,榜单,https://weibo.com/5162549586956968/PqfcqtbPa,恋与深空,https://weibo.com/u/7484247626
5162294547843472,16350,915,4289,安徽,"30岁独居女生的小家,她对生活的热爱不亚于那块吸水海绵,幸福指数直接拉满了《单身狗》 ",2025-05-03,榜单,https://weibo.com/5162294547843472/Pq8z4wUrC,林有梗,https://weibo.com/u/5157634999
5162921592098729,19960,12669,10444,广东,"""呼吸之野""深圳站二 2025.5.4 音符里相拥 青年晚抱《抱抱》",2025-05-05,榜单,https://weibo.com/5162921592098729/PqoSr8NYt,许嵩,https://weibo.com/u/1251000504
5162901589723728,13301,10963,10297,北京,我一直都在👻 宇宙无敌号5/24成都站我们继续军训!!! ,2025-05-05,榜单,https://weibo.com/5162901589723728/PqomaENAk,黄霄雲,https://weibo.com/u/5043186742
5162219919376458,17207,206,1606,广东,向爱自己的人低头不丢人,2025-05-03,榜单,https://weibo.com/5162219919376458/Pq6CHDlfc,思想聚焦,https://weibo.com/u/1742566624
5162604230084991,11100,2047,884,北京,"肖飞和董小姐的婚外情把协和医学院""4+4""学制推到公众质疑的风口浪尖。""4+4""是从美国学来的,我相信最初将它引入到协和医学院来,获得批准,推动这个过程的动机应当是善意的。但是中国的社会现实会把一个""有灵活性""的政策搞歪,变成""特权""和人情的后门,挖公平正义的墙脚,这个风险非常真实,并且在董小姐身上涉嫌严重发生了。 美欧的大学能搞宽进严出,我们的大学能那样搞吗?老胡在贝尔格莱德常驻过,那里大学的学制基本是模仿西方的,我采访过一所机械学院,我记得那所学院一年级是几千名学生,到了二年级刷掉一半,最后毕业的只有七百多名。中国高校的学制是反过来的,属于严进宽出,大学和研究生院都是入门最难,能进去的人,各种素质都有一定保障,毕不了业的是极少数。 虽然被骂得很多,但是中国社会里最后最站得住脚的是高考。这种人才遴选考试的严肃性是中国从科举创立后不断完善,强化的结果。古代科举作弊是要杀头的,顺治年间的考场舞弊案一次就处决了18人。 ""4+4""在西方有先例,而且被认为是成功的,表明这个学制本身并非不可采纳,但是它来到中国,必须""中国化""。也就是说,高考完全凭成绩说话的严厉录取标准需要加入进来,将西方在""4+4""中的推荐制部分由标准的研究生考试或者同类考试取代,它不应成为一个""特区"",而应成为研究生统考的一个分支,规则明确,面向所有学生。如果有推荐,也须像""保研""那样有公开的标准,拒绝任何暗箱操作。 中国的现实就是,只要""推荐""取代入学考试,某种程度走歪就会是八九不离十的,对此我们必须有清醒认识。另外""4+4""是否应当改成""3+5"",或者做其他调整,应当广泛听取医学界的意见。毕竟学医很难,是所有学科中耗时最长的,""4+4""学制与普通医学博士的""5+3+3""学制相比,明显缩短了时间,这也触及了行业内不同学习路径之间的公平问题,需要更加广泛的意见征询。 中国是超级人口大国,经济总体量虽然已经是世界第二,但是优质岗位对于庞大人口基数来说还是太少了,这导致了社会竞争的超级激烈。公平问题从来都是中国公众对社会政策的首要关切之一。古代圣人就在强调""不患寡而患不均"",这个问题在孔子时代2000多年后其实并未真正改变。中国人口多导致的激烈竞争和信息传播的迭代加速,使得一些领域里的这个问题甚至变得更加突出了。 所以说围绕""4+4""的这次公众舆论引爆,决非偶然。它提出的警示是:我们的社会在施行每一项改革时,对公平的考量和保障都须放在最为突出的位置上。",2025-05-04,榜单,https://weibo.com/5162604230084991/PqgCz0m6P,胡锡进,https://weibo.com/u/1989660417
5162645263486381,59422,13845,51078,广东," 七周年年度发布会情报汇总来啦~ 详情请点击长图查看! 《转发福利》关注并转发本条微博,抽10位幸运访客送《6480回声×1》,5月5日开奖~",2025-05-04,榜单,https://weibo.com/5162645263486381/PqhGKeCXX,网易第五人格,https://weibo.com/u/6140485374
5162325519108647,20171,901,1089,广东,"西班牙vlog02🇪🇸属于阿拉贡大区的时光 第一次来到阿拉贡大区 广普立马上线啦 以""松露""开始的旅途 在阿拉贡的每一个中世纪小镇 都是满满惊喜啊 ",2025-05-03,榜单,https://weibo.com/5162325519108647/Pq9n1CdzF,曾琪琪katherine,https://weibo.com/u/1724874333
5162715886653716,17416,371,362,浙江,49918 《投稿》其实很多人都敢说现在的奶茶价格才应该是正常的发展中国家物价好吗好的,2025-05-04,榜单,https://weibo.com/5162715886653716/PqjwErUW0,生命之源需要添加剂,https://weibo.com/u/7791972076
5162194749358528,24057,1853,795,黑龙江,《六一裙子》高柱是名小学生 马上六一了想参加六一节目 要跳粉墨的asifitsyourlast 不知道搭配什么裙子 不能太短 但也不要太长 大家有裙子可以让我参考一下吗😥😥 38974,2025-05-03,榜单,https://weibo.com/5162194749358528/Pq5Y6DgA0,衣服不过百怎么了,https://weibo.com/u/6116747952
5162605895484253,10813,4842,1403,广东," 超甜纯爱国漫cp水默现身2025微博游戏动漫展 ,纯爱天花板,每一个对视都让人感受到了满满的爱意,超开心! 我们的缔灵爱之默水玲珑最棒了! ",2025-05-04,榜单,https://weibo.com/5162605895484253/PqgFfn0HH,漫羊羊R,https://weibo.com/u/7377912204
5162644848247178,10198,912,466,广东,"  浩瀚宇宙,星辰之约。 第五人格将携手上海天文馆,开启探索时空的科学艺术之旅! 届时园丁的联动奇珍时装将会同步上架,大家完成天文探索活动后即可免费领取,希望能通过此次活动,让大家了解更多天文知识,探索更多宇宙的秘密。",2025-05-04,榜单,https://weibo.com/5162644848247178/PqhG4yBt0,网易第五人格,https://weibo.com/u/6140485374
5162896875851488,37538,921,728,无,"《《打call》》青春如歌,风华正茂,《一年好景·立夏——青春正风华》节目阵容官宣。他们以青春之名诠释文化传承,以匠心独运的创新演绎为传统文化注入时代活力。5月5日17:30,来央视频看→ 共同见证传统文化在新时代的青春表达~",2025-05-05,榜单,https://weibo.com/5162896875851488/PqoezoyeQ,央视频,https://weibo.com/u/7211561239
5162645107773020,25587,2049,1555,北京," 多元画风击穿次元壁,绝美妆造还原度100%《哇》,集邮打卡养眼一整天《送花花》,动态比精修图更杀内存!这就是二次元照进现实的快乐吗《相爱》?明天继续来集邮!",2025-05-04,榜单,https://weibo.com/5162645107773020/PqhGuwC7i,WAW微博游戏动漫展,https://weibo.com/u/2188775873
5162685508616478,35333,3538,376,浙江,《 赛报》 bo3下半场 地图选择:月亮河公园 我方监管者ban:祭司/火灾调查员/机械师/调酒师 监管全局ban:跛脚羊/歌剧演员 求生全局ban:木偶师/小说家/调香师/园丁/魔术师/杂技演员 对方求生者ban:喧嚣/时空之影 对方求生者选择:古董商/守墓人/囚徒/飞行家 我方监管者选择:隐士 本局比分:1:3 bo3比分:2:6 ,2025-05-04,榜单,https://weibo.com/5162685508616478/PqiJEA9xs,狼队电竞第五人格分部,https://weibo.com/u/7511341604
5162731557363100,14221,728,48,广东,"第五情报局冠军特辑互动提问征集来啦!  本期嘉宾是 的成员们! 有什么想要问他们的问题,快在评论区留言!优质的问题有机会在节目中得到解答哦~",2025-05-05,榜单,https://weibo.com/5162731557363100/PqjVVuTtG,第五人格赛事,https://weibo.com/u/7199932275
5162927327547875,10054,1078,3400,江苏," 一个人背 .锅 12 条 人 .命,黄宗泽新剧真天崩开局啊! 看预告,全组一起出任务,只有身为高级 督 察的周俊杰和另一位队友 幸 存, 于是这""十几条人 命""的黑 锅就落在了职位更高一级的周sir身上😢伤还没好全就着急回队里,却还要被同事的家属误解,当众责怪,被其他同事议论,还刚好能让他听到,就连下属也阴 阳 怪 气 他,没有人配合他工作…… 没办法的周俊杰也就只好一个人潜心 办 案,抓. 捕 凶 手,好在最终成功勘 破 大 案 还获得了表扬!就这个逆风翻盘爽啊!0507必须来👖蹲住这个 !",2025-05-05,榜单,https://weibo.com/5162927327547875/Pqp1GvFxV,闻汤识面泡剧,https://weibo.com/u/1776016817
5162762376316897,28992,11164,32449,韩国,thank you for the stay here. i had a lot of good memories ❤️ be healthy mentally and physically 现在在机场 准备在云南拍  两个mv 💋 good times 🔥,2025-05-05,榜单,https://weibo.com/5162762376316897/PqkJDqvjr,王嘉尔,https://weibo.com/u/5888671022
5162513391681859,13105,469,1741,上海,妈妈可能在经历最痛苦的10年《苦涩》,2025-05-04,榜单,https://weibo.com/5162513391681859/Pqeg373wL,Pendlers,https://weibo.com/u/5920136112
5162644910639099,16234,1163,299,广东,"   当故宫盛世绵延的屋嵴与庄园流动的密码交汇,古昔的钟声将响彻欧利蒂丝。 第五人格 × 携手联动, 让我们共同越过时空,回溯源远的中华文化,触摸历史跳动的脉搏!",2025-05-04,榜单,https://weibo.com/5162644910639099/PqhGb2Gg3,网易第五人格,https://weibo.com/u/6140485374
5162686821440037,27742,1725,302,河北,"五年来不间断的挑衅,造谣,谩骂给了无辜的人。 时间终究是淬炼人品的尺子,美好的人终将会在破晓的晨晖中雕刻出阳光的样子。",2025-05-04,榜单,https://weibo.com/5162686821440037/PqiLM62Cp,在下姜磊,https://weibo.com/u/1827363695
5162607406485130,9175,2608,877,北京,真假自拍🤳,2025-05-04,榜单,https://weibo.com/5162607406485130/PqgHGrd4S,eStarPro清融,https://weibo.com/u/7406734564
5162187199090332,76244,2371,2081,无," 四公队伍重组,师姐到场见证小考 争夺加赛名额,天若有情催泪全场 第七期(下)正片已上线,请戳链接⬇️ 每周五,每周六12:00芒果tv正片上线 svip额外抢先看下集",2025-05-03,榜单,https://weibo.com/5162187199090332/Pq5LVC8Og,乘风2025,https://weibo.com/u/7397600914
5162685310961243,39184,3341,4703,广东,"雷霆万钧,苍穹之巅! 恭喜 获得深渊的呼唤Ⅷ全球总决赛冠军! ",2025-05-04,榜单,https://weibo.com/5162685310961243/PqiJl423V,第五人格赛事,https://weibo.com/u/7199932275
5162522395282913,43674,1168,1602,无,"青春如歌,风华正茂,《一年好景·立夏——青春正风华》节目阵容官宣《憧憬》他们以青春之名诠释文化传承,以匠心独运的创新演绎为传统文化注入时代活力。5月5日17:30,敬请锁定cctv-4,央视频,共同见证传统文化在新时代的青春表达!",2025-05-04,榜单,https://weibo.com/5162522395282913/Pqeuzmakh,CCTV4,https://weibo.com/u/2039753857
5161901492537649,43519,2311,212,广东,"   恭喜 ,离谱小艾 , 获得了《第五人格七周年·年度优秀创作者》称号!",2025-05-02,榜单,https://weibo.com/5161901492537649/PpYl7aE9P,网易第五人格,https://weibo.com/u/6140485374
5162486458223066,17216,560,920,无,"青年是什么样子? 从觉醒年代到崭新时代,百年来,女性青年用热血与奋斗书写华章。青年是觉醒呐喊,是英勇抗争,是锐意创新,如今,青年是什么样子,等你回答!",2025-05-04,榜单,https://weibo.com/5162486458223066/PqdyByvc6,中国妇女,https://weibo.com/u/1893752487
5162587411449624,56475,5878,8686,浙江,"每一天从""头""开始 向上生长的蜿蜒之路 绕过""山花"",漫步""小巷"" 挥别""春色"",乘行""归棹"" 也需要在循环中,成长蓄积 5月6日10:00 三生花全新品牌大使限定礼盒 天猫准时限量开售 敬请期待 ",2025-05-04,榜单,https://weibo.com/5162587411449624/Pqgbr6572,三生花官方,https://weibo.com/u/5587654346
5162670388676465,36811,1987,1720,无,《day45》 今天聊聊:你最喜欢哪个《乘风2025》四公小考舞台,2025-05-04,榜单,https://weibo.com/5162670388676465/PqilgAp8Z,乘风2025,https://weibo.com/u/7397600914
5162318318801936,83015,913,1921,无,"《搓手期待中! 》🔥《青春赞歌——2025五四青年节特别节目》与你明天相见!当ai遇见海浪,当青春碰撞科技,这场青春派对就差你啦~节目汇聚ai互动,传统非遗,潮流国风等多元创新元素,在星辰大海中见证属于新时代青年的高光时刻!5月4日晚8点档,锁定cctv-1,cctv-3,cctv-15,央视新闻,央视频,央视网,央广网,云听客户端,音乐之声,经典音乐广播,文艺之声等平台,明晚我们不见不散~",2025-05-03,榜单,https://weibo.com/5162318318801936/Pq9bpAVMI,央视文艺,https://weibo.com/u/2210168325
5161887960924434,52784,5601,4321,无," 一瞬剪影,半掩风华。 花间少年大片企划开启神秘篇章。镜头定格朦胧光影间,衣袂拂过花瓣的弧度,指尖轻触晨露的刹那。是温润如玉的翩翩公子,还是桀骜不羁的野性少年?",2025-05-02,榜单,https://weibo.com/5161887960924434/PpXZi3Sue,红秀GRAZIA,https://weibo.com/u/1703513687
5162912499892441,18608,1427,281,广东," 全新《求生者》——""逃脱大师""的故事视频爆料: ——""我需要,找到那把钥匙……""",2025-05-05,榜单,https://weibo.com/5162912499892441/PqoDLFvtv,网易第五人格,https://weibo.com/u/6140485374
5162343371377952,14679,589,1994,无,"近日,新疆,一位博主在101省道拍到堵车的源头,竟是羊群围着一辆白车转圈圈。网友:!《笑cry》",2025-05-03,榜单,https://weibo.com/5162343371377952/Pq9PP5Mt2,中国日报,https://weibo.com/u/1663072851
5162316316804374,20192,462,117,江西,"一家四口爬楼梯住宿 结果前台没人 ,,,,",2025-05-03,榜单,https://weibo.com/5162316316804374/Pq98bsy7Y,记得带线好吗,https://weibo.com/u/6295307606
5162696635319261,48355,2231,10085,海南, 坐在台阶上alpha味儿都要通过镜头溢出来了 你们看他抽完带子往前走笑得 孩子你是男模啊…,2025-05-04,榜单,https://weibo.com/5162696635319261/Pqj1BmjMx,草莓牛奶味的Haru,https://weibo.com/u/1939307525
5162875149092396,147163,1481,3609,无,"《转发收藏!慢慢看!《哇》》 央视五四晚会,你最喜欢哪一个节目?戳↓↓一起回顾精彩瞬间! 《星星》 《青春探路者》 《星星》 《追光在路上》 《星星》 《愿你抬头有光》 《星星》 《好相逢》 《星星》 《无悔当下》 《星星》 《迎风起跑》 《星星》 《祝你前程似锦》 《星星》 《上博物馆》 《星星》中国军人 《生来无畏》",2025-05-05,榜单,https://weibo.com/5162875149092396/PqnFwC9ly,CCTV4,https://weibo.com/u/2039753857
5162918422252187,24378,7700,6299,北京,"饭是前两天做的🧑🍳 不妨碍今天立夏,再做一道《沙发奖励》",2025-05-05,榜单,https://weibo.com/5162918422252187/PqoNk9rTB,肖宇梁Rainco,https://weibo.com/u/2644575251
5162921256818499,17565,4044,8572,安徽,"四天三城,下班 《比耶》",2025-05-05,榜单,https://weibo.com/5162921256818499/PqoRTsBNN,陈楚生,https://weibo.com/u/1296234914
5162645149717300,20292,1545,876,广东," 当夜莺的鸣叫再次响起,我们的主角爱丽丝将再次踏入记忆的樊笼。 全新主线版本《昨日之笼》正在筹备当中,新的id系列角色也将在该版本中出场,敬请期待~",2025-05-04,榜单,https://weibo.com/5162645149717300/PqhGyELUE,网易第五人格,https://weibo.com/u/6140485374
5162164550896583,21473,325,1369,上海," 明日方舟官方四格漫画《123罗德岛!?》 ——""信仰搅拌机""篇",2025-05-03,榜单,https://weibo.com/5162164550896583/Pq5bp3Lf1,泰拉记事社,https://weibo.com/u/7499841383
5162688380929354,13534,2575,1590,中国香港," 感谢你们始终如一地相信我们,陪伴我们走到现在《抱一抱》《抱一抱》《抱一抱》 ",2025-05-04,榜单,https://weibo.com/5162688380929354/PqiOi3TLA,ZETA_DIVISION_第五人格部門,https://weibo.com/u/7793565003
5162730537358144,25128,892,267,广东,"应zeta division俱乐部要求所有摄影素材需由战队审核后才可以外放至官方社交媒体平台,目前仍在等待审核,感谢各位访客们的耐心等待。更多现场素材会在战队审核通过后会陆续放出!",2025-05-04,榜单,https://weibo.com/5162730537358144/PqjUhuSbK,第五人格赛事,https://weibo.com/u/7199932275
5162280321550787,12165,2700,3452,四川,"《长高吧!少年》系列动漫第三集火热上映中...每个孩子都是独一无光的小星星✨, 全新系列带你见证成长的奇迹!主角高远曾因身高不自信,但在  的陪伴下,他勇敢追梦,一步步突破自我!高钙+cbp科学配比,分阶营养精准吸收,乳铁蛋白+16种营养素,强健自护力,营养全面助攻成长!qq星榛高系列特别添加榛高因子,专注骨胳发育,让孩子!从班级垫底的""小豆丁""成长到班级领跑者,伊利qq星用营养守护每一份潜力,成长不留遗憾!",2025-05-03,榜单,https://weibo.com/5162280321550787/Pq8c86vqH,宝藏大婊哥,https://weibo.com/u/3228016330
5162644966215799,13736,1338,1202,广东," 2026年,第五人格赛事将全面进行奖金升级。 深渊的呼唤系列赛事奖金将增加至800万,ivl联赛单赛季奖金增加至300万,ijl联赛单赛季奖金增加至100万。 希望所有参与赛事的选手们可以在第五人格赛事生态内探索更多可能,赢得荣誉!",2025-05-04,榜单,https://weibo.com/5162644966215799/PqhGgq50P,网易第五人格,https://weibo.com/u/6140485374
5162881777403367,21636,2344,2359,北京," 一笑春生,双影花叠💐 咔嚓📸小韶子献上王爷王妃撕拉片合照!还有什么好东西都放出来好吗🥺🥺  芒果tv预约链接: 微博预约链接:",2025-05-05,榜单,https://weibo.com/5162881777403367/PqnQdv3X9,电视剧韶华若锦,https://weibo.com/u/7918082019
5162578401825682,18220,7348,34,北京," 《2025.5.4》深渊的呼唤Ⅷ全球总决赛-淘汰赛 季军赛 14:00-17:00 成都gg vs axiz 解说:小沐木,林枳,烤鸭 ",2025-05-04,榜单,https://weibo.com/5162578401825682/PqfWU7EWu,丨神北行丨,https://weibo.com/u/7927331799
5162906757106913,40041,3891,8433,无,"《我的追梦关键词|》 ""只有坚持探索,才能够拓展边界,抵达梦想。"" 发起互动征集, 分享的关键词是""探索""。坚持探索的你,终将跨越山海,奔赴美好未来,邂逅更灿烂的自己!",2025-05-05,榜单,https://weibo.com/5162906757106913/PqouvtOPD,人民日报,https://weibo.com/u/2803301701
5161987156480806,299873,6017,6424,广东,"实绩图,你觉得谁的含金量更高?",2025-05-02,榜单,https://weibo.com/5161987156480806/Pq0zhrbX8,芒果影视台,https://weibo.com/u/6431359521
5162885656349625,11702,999,3463,河南," 华晨宇《向阳而生》唱着""别哭,你永远是我的太阳"",自己却嘴巴在笑眼睛在哭,眼神里对粉丝的爱意要溢出来了,真的好美好有神性的一张脸,华晨宇你也可以不用强撑的!",2025-05-05,榜单,https://weibo.com/5162885656349625/PqnWtqDPj,吃瓜娱乐,https://weibo.com/u/2099181812
5147450387464303,262773,37780,36047,浙江,我爱吃玉米🌽 《微笑》《微笑》《微笑》《微笑》《微笑》《微笑》《微笑》《微笑》《微笑》《微笑》,2025-03-23,明星,https://weibo.com/5147450387464303/PjUoSvjNZ,种地吧何浩楠,https://weibo.com/u/6110141995
5145205842382195,7893,557,277,北京," 💖🥀 剑鞘生花,柔韧共生。眸光如炬,执剑者亦执心, 粉色战损记忆留档。",2025-03-17,明星,https://weibo.com/5145205842382195/PiY0E9ZIv,孟子义工作室,https://weibo.com/u/6556217546
5162692512580538,9593,890,902,安徽, 𝐋𝐨𝐨𝐤𝐘𝐨𝐮𝐫𝐬𝐞𝐥𝐟 ,2025-05-04,明星,https://weibo.com/5162692512580538/PqiUXaPjA,Forever_赵露思,https://weibo.com/u/7528815696
5160387659432909,111749,63356,125300,北京,"休息日也不停歇, 继续拉练,为鸟巢的后六场""备战""💪  ",2025-04-28,明星,https://weibo.com/5160387659432909/PpkXrDzVH,张杰,https://weibo.com/u/1241148864
5156121640436864,271358,87541,352632,广东,"""看似睡了实则洞察一切 别吵 久宣夜这就来收你们了~  """,2025-04-16,明星,https://weibo.com/5156121640436864/PnxYM1PEc,任嘉伦Allen,https://weibo.com/u/3800468188
5155266626585260,300586,11858,17830,无," 这个夏天,快乐不设限!行李箱已打包完毕,阳光沙滩正向你挥手!兄弟团 携手奔跑挚友 4月25日起,每周五20:20浙江卫视,20:50z视介,奔跑不止,快乐不停!",2025-04-14,明星,https://weibo.com/5155266626585260/PnbJIrD7S,奔跑吧,https://weibo.com/u/5242381821
5161251694186026,105206,49781,67214,北京,"淮竹:我想放假散散心。 左护法:也好,你一边呆着去,放着我来!",2025-04-30,明星,https://weibo.com/5161251694186026/PpHr3hyYy,刘诗诗,https://weibo.com/u/1304194202
5160397960118364,114630,33142,24045,北京,好粗心《嘘》 散步怎么到了餐厅?下次不能再这样了!,2025-04-28,明星,https://weibo.com/5160397960118364/Pple40uN6,檀健次JC-T工作室,https://weibo.com/u/3606929931
5155313666491105,12539,2465,4367,江苏,"有多委屈,明明~深爱着你,明明~ 明明别委屈了,ie宠你🥹 《肖明明进行曲》走起!!! 视频剪辑:  cy cy",2025-04-14,明星,https://weibo.com/5155313666491105/PncXAreDf,·心动贩卖,https://weibo.com/u/5265950675
5152182333871188,129939,19322,153531,北京, 不知道选什么?那就《都选c》! 直拍送上!,2025-04-05,明星,https://weibo.com/5152182333871188/PlTv3gf4w,刘宇宁LYN工作室,https://weibo.com/u/7315867397
5160785505944850,356753,48659,60004,北京, ·  无须多言《酷》《酷》,2025-04-29,明星,https://weibo.com/5160785505944850/Ppvj8oWwG,YIBO-OFFICIAL,https://weibo.com/u/7485885521
5152486316315319,86101,22075,340708,重庆,"""下次见"" ",2025-04-06,明星,https://weibo.com/5152486316315319/Pm1plquTZ,张峻豪,https://weibo.com/u/7635971784
5156715399741793,238561,2947,2967,无,"《今晚开幕!》第十五届北京国际电影节今晚开幕,红毯阵容来袭, 等将亮相红毯现场!评论区聊一聊你最期待谁?今晚一起共赴电影之约!(记者:杨淑君)",2025-04-18,明星,https://weibo.com/5156715399741793/PnNqrEShH,新华社,https://weibo.com/u/1699432410
5159494142134139,366763,131911,1000000,贵州,库存 碎片 分享,2025-04-26,明星,https://weibo.com/5159494142134139/PoXIi8XbB,于适Yosh,https://weibo.com/u/6263891074
5154200640556686,233416,515619,1000000,安徽," 最后一场戏,在河水边上万念俱灰之时,迎来了日出,阳光照在脸上的时候暖暖的,刚刚经历的情绪戏像天地骤变后全部消失,还来不及反应,和""小石头""告别了。 天地,是这天地间最赤诚的灵石,他捧着足以撼动山河的力量,却有着最纯净的心,温柔地托住心里的裂痕。 谢谢这短暂的成为天地的时间,愿我们都是永不蒙尘的灵石🪨",2025-04-11,明星,https://weibo.com/5154200640556686/PmK0o2kOO,刘宇Yu_,https://weibo.com/u/5023069053
5154184472821782,171765,16966,51602,无," 朱砂绘就万古咒言,青锋映照两世记忆,与  并肩,同斩宿命荆棘! 领衔主演: , , , (排名不分先后) 特别推荐主演: 主演: , , , , , , , , 出品方: 联合出品: , ,吉时羽 优酷预约:",2025-04-11,明星,https://weibo.com/5154184472821782/PmJAjbQ4C,优酷,https://weibo.com/u/1642904381
5162644836713622,613,202,30,广东,关于小熊的事⦁ ᴥ ⦁,2025-05-04,明星,https://weibo.com/5162644836713622/PqhG3sawe,张嘉懿Austin,https://weibo.com/u/7948311498
5155261828304250,3793,250,337,浙江,"有些人的存在,像一场缓慢的潮汐,起初只是漫过你的脚踝,你以为那不过是亲近的触碰,直到某天醒来,海水已经没过胸口,而你甚至不记得自己何时允许过这样的淹没。 边界从来不是由侵犯者定义的,而是由守护者的忍耐限度决定的。真正的界限,不需要宣之于口,而是刻在骨髓里的本能——当别人越界时,你的沉默会变成利刃,你的退让会化为荆棘,你的灵魂会先于你的理智,站起来说不。 或许,你早该承认:你不是不知道她越界了,你只是不愿面对那个纵容她越界的自己。",2025-04-14,情感,https://weibo.com/5155261828304250/PnbBYyQjw,青炫云锦,https://weibo.com/u/1723063004
5162610110500461,1023,146,10,北京,一定要嫁一个的话 你会选择:,2025-05-04,情感,https://weibo.com/5162610110500461/PqgM326bX,蒙淇淇77,https://weibo.com/u/2137170357
5160405736622711,1118,104,9,湖南,"西餐就这一笔酱汁就收1000块,幸亏不收割穷人的智商税",2025-04-28,美食,https://weibo.com/5160405736622711/PplqBrMRV,闵明姬_,https://weibo.com/u/7275274322
5157476162342013,98,125,17,无,"男子给鸭掌脱骨,这刀工真的太厉害了,网友:这是我见过最干净最利索的脱骨。",2025-04-20,美食,https://weibo.com/5157476162342013/Po7du9Pgp,双流发布,https://weibo.com/u/1909250714
5162843267926619,1282,139,14,天津,"美股多坏吧,知道a股明天要开市了,今天美股要跌了",2025-05-05,财经,https://weibo.com/5162843267926619/PqmQ6xg4H,天津股侠,https://weibo.com/u/1896820725
5157819192184178,4877,621,646,广东,张爱玲的清醒时刻?,2025-04-21,读书,https://weibo.com/5157819192184178/Pog8L9acG,思想先行,https://weibo.com/u/5611703975
5162610374742787,9016,315,346,北京," 网红小猫悟空的家长公布了悟空死亡的细节以及诸多疑点,并称悟空并非是先前报道的被车撞死,而是中毒… 细思极恐!! 加热度,希望可以尽快找出真相,还小猫一个公道!!!",2025-05-04,读书,https://weibo.com/5162610374742787/PqgMtjTOz,鸭圣婆,https://weibo.com/u/1788857141
5161239726522561,236,134,191,无,"除了""祖传艺能""舒适大沙发,""开了窍""的东风日产还整上了这些配置……价格不到15万,反正我是挺喜欢的,准备五一去4s店试一试  ",2025-04-30,车展,https://weibo.com/5161239726522561/PpH7KrmOB,全球热门话题排行,https://weibo.com/u/1880393725
5161553797059907,3343,138,130,德国," 走吧家人们,一起去推市整点薯条《酷》 恭贺开推3开播《打call》",2025-05-01,综艺,https://weibo.com/5161553797059907/PpPijtCBt,宁不知摸鱼最难得,https://weibo.com/u/2808010640
5162675627364862,1149,221,316,北京," 又被 神仙嗓音狠狠拿捏!一曲《追光在路上》,他用温柔声线将故事娓娓道来,字字句句直抵心底。每一个音符都在诉说:你我皆是追光者! 今晚 ,和周深共赴这场青春音乐之旅!",2025-05-04,综艺,https://weibo.com/5162675627364862/PqitIuTW6,微博综艺,https://weibo.com/u/2110705772
5162351783576484,748,172,509,无,z视界 刘宇宁 纯人声 《少一点天份》 《座位》 《野人》 刘宇宁 直拍 《少一点天份》 《座位》 《野人》  丨 丨,2025-05-03,综艺,https://weibo.com/5162351783576484/Pqa3of0pe,熊熊是一只猫N,https://weibo.com/u/2032775797
5162700585835767,2014,106,3,无," 一起揭开热情果神秘面纱!《送花花》 听热情果种植园的工作人员介绍,热情果和百香果一样同属西番莲科,不仅美味,还是懒人福音,掰开即食!更多内容请锁定 ",2025-05-04,综艺,https://weibo.com/5162700585835767/Pqj7You9h,江苏卫视,https://weibo.com/u/1575527140
5162604964091640,8265,2464,2266,无,这帮人就是不听劝…我能怎么办,2025-05-04,综艺,https://weibo.com/5162604964091640/PqgDKhaqc,陈赫,https://weibo.com/u/1574684061
5162549058472470,3809,175,104,无," 推市""中医馆""正在营业中, ""医生""限时返场为 把脉,把脉后说巴巴和弟弟身体很好脉象很稳!金姐:我呢?凌赫:你就只有一脉!这一刻能感受到姐姐真的要揍人啦《哈哈》",2025-05-04,综艺,https://weibo.com/5162549058472470/Pqfbzzy4K,开始推理吧,https://weibo.com/u/2162247381
5160769407421067,2056,656,941,福建,出来旅游最值得买的是冰箱贴《doge》,2025-04-29,家居,https://weibo.com/5160769407421067/PpuTav8yD,小瑾超会买,https://weibo.com/u/3705245814
5160855437050406,7357,143,2628,河北,"  行业首次挑战!海尔洗衣机完成210种污渍清洁测试,涵盖社交,运动,亲子等9大生活场景。实验证实,搭载智能洁净系统的海尔洗衣机可高效去除各类顽固污渍,解决""衣服洗不干净""的困扰。",2025-04-29,家居,https://weibo.com/5160855437050406/Ppx7VtA8e,壹级头王铁丸,https://weibo.com/u/2473355087
5161555563120637,15031,336,950,无,🐈)以防你没看过惊讶猫猫的原版照片,2025-05-01,萌宠,https://weibo.com/5161555563120637/PpPlad5OR,以防你今天还没看小动物,https://weibo.com/u/7299853661
5162141908996562,345,191,181,无,"在科技飞速发展的时代,人工智能正悄然融入生活的每个角落,近日,一位巴西友人现身北京街头,借助通义app的ai实时翻译功能,与北京本地居民对答如流,沉浸式体验老北京的市井烟火。无论是与昆虫爱好者探讨专业饲养知识,还是在餐厅利用ai生成双语菜单,解锁地道京",2025-05-03,科技,https://weibo.com/5162141908996562/Pq4ASBKpQ,中网传播,https://weibo.com/u/7422806367
5161383492060567,301,276,6,辽宁,"带你揭开宇宙的神秘面纱, 探索生命起源和宇宙归宿的终极奥秘! (转自学霸爱科普,在此谢谢原作者)  | ",2025-05-01,科普,https://weibo.com/5161383492060567/PpKRD8E2X,江润余,https://weibo.com/u/1334626061
5161582222118949,922,105,96,河南,《小蛇》 防窥图已加,2025-05-01,动漫,https://weibo.com/5161582222118949/PpQ2a8TeB,喜欢萌物是一种态度,https://weibo.com/u/7946654010
5161596898248645,2128,1401,45,广东," 深圳场印章,小礼物和来自秋秋的奶茶《种树》宝宝们明天见哟《彩虹屁》",2025-05-01,动漫,https://weibo.com/5161596898248645/PpQpPyBQF,孟栀晚,https://weibo.com/u/5674379814
5162007208661923,340,277,133,辽宁,"春日部全体患上了噩梦症候群。到底发生了什么?似乎只有大人是鄂梦,小朋友都是美梦哦。就说小新就要亲到娜娜子了呢《吃瓜》 蜡笔小新|野原新之助|野原一家|春日部防卫队|  | |",2025-05-03,动漫,https://weibo.com/5162007208661923/Pq15CAlmr,紫轩冰凌_,https://weibo.com/u/7324728426
5161840335654593,8,111,0,无,"骑行最佳时间段和注意事项 不少骑友在刚入骑行圈时,常常会纠结于何时去骑行,其实我最初也是如此,盲目摸索。 春天到了,据我观察,这个时节夜骑的人会相对多些。 骑行虽然能带来很多快乐,但安全问题不容忽视,大家务必佩戴好骑行装备,安全出行,这样家人们才能放心。 在此,我作为有经验的过来人,想给大家分享一些骑行小技巧以及需要留意的要点,刚入圈的朋友可以参考学习一下~  | | ﻿",2025-05-02,运动健身,https://weibo.com/5161840335654593/PpWKtnJ17,小鱼干不気拐,https://weibo.com/u/2678926341
5162254769589051,250,236,124,浙江," 400年前徐霞客三游天台山,今年五一期间,""中华第一高瀑""——天台山大瀑布再掀热潮! 瀑布下,栈道上……镜头里全是笑脸。",2025-05-03,旅游,https://weibo.com/5162254769589051/Pq7wUEey7,温岭林嗨嗨,https://weibo.com/u/5711805602
5162308124807726,3928,337,23,无,❤️,2025-05-03,旅游,https://weibo.com/5162308124807726/Pq8UYkaHY,阿里北杯,https://weibo.com/u/2352230250
5160827784794241,156,107,24,四川,"五一假期,准备去乐山自驾玩一圈。 大家有什么推荐的吗?尤其是美食啥的,整点味道巴适的店,我去试试啊《开学季》",2025-04-29,旅游,https://weibo.com/5160827784794241/Ppwpkk7ct,宅数码Kael,https://weibo.com/u/5447539352
5161054740940765,678,617,10,无," 草原撒欢,火山徒步,解锁星空露营,五一假期逃离人海!在乌兰察布感受火星地貌,你的草原大片就差一个出发👉 ",2025-04-30,旅游,https://weibo.com/5161054740940765/PpCjo3WJD,时尚旅游TRENDS,https://weibo.com/u/1192283562
5160695423831335,6606,1149,3139,无," 这届大学生的旅游计划能详细到什么程度?精确到分钟的攻略,p人看了真是两眼一黑了",2025-04-29,旅游,https://weibo.com/5160695423831335/PpsXQg4HJ,最佳蹲坑读物,https://weibo.com/u/2484755001
5161204701466913,7451,1606,4501,无,抵达新疆!中午吃了烤包子和馕《馋嘴》提问:想看我在新疆拍什么样的照片呀~《比耶》《照相机》 《微风》,2025-04-30,旅游,https://weibo.com/5161204701466913/PpGdg69BT,倪虹洁,https://weibo.com/u/1135822512
5161507727082925,3230,282,206,无,"近日,山东菏泽,各色芍药花朵随风摇曳,置身花海,一缕缕清香随风飘来令人陶醉。伴随 的歌声,一起欣赏!",2025-05-01,旅游,https://weibo.com/5161507727082925/PpO60tIAJ,新华网,https://weibo.com/u/2810373291
5162290383165292,420,329,327,浙江," 打卡""中华第一高瀑"",感受仙侠剧同款场景。",2025-05-03,旅游,https://weibo.com/5162290383165292/Pq8smdhr6,小后生在台州,https://weibo.com/u/3801908543
5161933628247842,48,188,1,无,逛庙会 吃地锅鸡,2025-05-02,旅游,https://weibo.com/5161933628247842/PpZaWyBDI,我是连云港小布,https://weibo.com/u/1563083644
5162219920164596,119,103,103,无,"在冰湖中划船前行,拨动冰棱时的声音,太奇妙了,隔着屏幕都能感受到一阵清凉感扑面而来~~《哇》《憧憬》 ",2025-05-03,旅游,https://weibo.com/5162219920164596/Pq6CI0GOM,荐影视,https://weibo.com/u/3954349363
5162557228718444,2122,947,1113,福建,超适合city walk 的旅游城市 📍penang 槟城|george town 一座慵懒松弛的南洋小城 超适合漫无目的地闲逛🍹 每个拐角都能遇到惊喜💞 ,2025-05-04,旅游,https://weibo.com/5162557228718444/PqfoKAA44,尤金UJIN,https://weibo.com/u/5338094614
5161096974699347,1669,152,19,无,……减肥去 腰都快变圆柱体了,2025-04-30,瘦身,https://weibo.com/5161096974699347/PpDpvjIvV,不脱先踩丑老公,https://weibo.com/u/7960958628
5159027899369079,120,181,178,无,"yespear 青春酸涩暗恋之作《苹果核》,实体书4月19日19:00现货开售《哇》限量3000特签。 关🐷+🍎+卷🌸,抽2个宝送新书 大鱼微博小店:",2025-04-24,好物,https://weibo.com/5159027899369079/PoLAhDjkb,April_twenty-six,https://weibo.com/u/7761588863
5162142210983358,1207,112,69,无,"近日,第五届粤港澳大湾区中国戏剧文化节, 等带来新版越剧《梁祝》全本首演,一起来欣赏尾声和谢幕花絮↓↓",2025-05-03,艺术,https://weibo.com/5162142210983358/Pq4Bn47OC,中国妇女报,https://weibo.com/u/2606218210
5160823086647568,4283,2108,1882,无,"👨🏫冷老师的好物分享 一到春季皮肤就变得不稳定,长痘,毛孔粗大的宝贝们,冷老师来拯救你们了👀 ⚡️mario badescu 他家的祛痘精华真的是超好用,基本第一天使用,第二天痘痘就不痛了并且会瘪下去!使用前记得摇匀噢~ ⚡️肌活 糙米水 这款是老网红了,肤感巨清爽,完全是水状吸收速度也很快,控油效果真挺牛的,性价比高,很适合学生党入! ⚡️博乐达 水杨酸面膜 堪称让油痘肌重新做人的好东西!疏通毛孔,减少出油,有效缩小毛孔,痘痘闭口通通走开😌 ⚡️欧莱雅 太空面霜 秋季保湿一把手,质地清爽,是类似于乳液肤感的面霜,充分滋养皮肤但又不会厚重,用完后直接上底妆,超级服帖! ",2025-04-29,美妆,https://weibo.com/5160823086647568/PpwhKrTkQ,冷阳教化妆,https://weibo.com/u/5774373289
5162199108026912,13102,1335,1873,无,"《!》""你是城市里散落的星斗,是天外的来客,是青春探路者!"" 献唱《青春赞歌-2025五四青年节特别节目》主题曲《青春探路者》。以星辰为坐标,用歌声点燃追梦征程! ",2025-05-03,音乐,https://weibo.com/5162199108026912/Pq658xGak,中国新闻网,https://weibo.com/u/1784473157
5162702382307049,1222,102,43,安徽, 滁州音乐节紫海!!!比可露丽更牛的是第二天的可露丽!  /,2025-05-04,音乐,https://weibo.com/5162702382307049/PqjaS9Gat,超能撸猫队,https://weibo.com/u/5605693459
5162352664118366,1318,337,516,江苏, 💌 🧊 ▶️全程fo 1⃣️密室逃脱 2⃣️万分之一 3⃣️专属合约 4⃣️爱我多一些 5⃣️唯一的你 6⃣️这晚风 7⃣️为我停留 8⃣️有没有一种可能 9⃣️天堂没有眼泪 🔟青春为名 🆒kiss me,2025-05-03,音乐,https://weibo.com/5162352664118366/Pqa4Ohhng,Postcard明信片_1003,https://weibo.com/u/6559202410
5161532892643422,2368,213,306,无," solo舞台《unstoppable》,直接跳上舞台,出场好惊艳!",2025-05-01,音乐,https://weibo.com/5161532892643422/PpOKBb5FQ,北京卫视,https://weibo.com/u/1779837945
5161840285586134,6771,321,6,英国,"lisa x maroon 5 合作曲《priceless》youtube首小时播放量 4492,点赞10万 ",2025-05-02,音乐,https://weibo.com/5161840285586134/PpWKonrcW,韩流全攻略,https://weibo.com/u/5699094470
5162527873568266,1035,119,155,湖北," 😎 假期开嗨,要的就是爽感直达天灵盖!let‘s get fall~~~ 超超超超级燥的《fool》live现场送达!",2025-05-04,音乐,https://weibo.com/5162527873568266/PqeDpeYgG,V__V_V,https://weibo.com/u/7630025732
5162553361826374,746,130,24,广东," 大理卿步夜表情包 步夜表情包来啦!前方高能预警!本次步夜表情包线索涉及:公文堆里的熬夜日常,小叶苦丁泡辣子的独特操作,还有审问时的""重拳出击""…… 《吃瓜》 学子快来评论区猜猜步夜还会解锁哪些名场面? 把步夜的表情包带走,将他的名场面统统收藏下来吧!",2025-05-04,游戏,https://weibo.com/5162553361826374/Pqfiw7F7E,花亦山心之月,https://weibo.com/u/7525773641
5162660028743728,1514,167,142,无,"🥤 《5.4王者荣耀电竞派对 柠檬汽水合影》 "" 王者荣耀音乐派对演出顺利"" 感谢现场柠檬汽水们的配合《老师好》 期待下次活动我们再次相遇❤️",2025-05-04,游戏,https://weibo.com/5162660028743728/Pqi4yAGDS,SNH48-王奕浩瀚宇宙空间站,https://weibo.com/u/6358514548
5162286578929879,1599,215,226,无, 🩵 𝟐𝟎𝟐𝟓.𝟎𝟓.𝟎𝟑 星光见面会 相机定格 爱是永恒 我发誓要更努力更有勇气 🈲二改🈲抹logo,2025-05-03,游戏,https://weibo.com/5162286578929879/Pq8mdBt4j,是限定的哟,https://weibo.com/u/1795171694
5162579162304710,302,131,129,无," 别人家展台发周边,lol手游不仅发周边,还直接造了个""天气站""!展台上雷雨风晴一秒切换🌞🌧,看了下不光有各种coser老师,连漫展保安大叔都忍不住在偷偷拍照hhhhhh",2025-05-04,游戏,https://weibo.com/5162579162304710/PqfY89FyK,妖盐货重,https://weibo.com/u/1067572881
5161567601300970,1512,204,505,四川,"五一别当人从众了!凉山沉浸式婚礼等你当主角🎉 五一居然能在凉山当""新郎新娘家属""! 大石板古村放大招了🔥 ""彝情定三生·古村大婚""直接让你穿越百年,沉浸式体验彝族传统婚礼! . ✨身份任选超带感 线上预约后就能选阵营!想当新郎阿木的兄弟团,还是新娘阿依的娘家人?身份牌一戴,瞬间入戏!",2025-05-01,婚恋,https://weibo.com/5161567601300970/PpPEA5sro,猫之茶的小幸福,https://weibo.com/u/1796841263
