articleId,created_at,likes_counts,region,content,authorName,authorGender,authorAddress,sentiment
5166289522790220,2025-05-14,960,西藏,啥叫发展得好?是指国乒从原来吊打全世界到现在连冠军都守不住吗《吃瓜》,你们的陈萌萌,m,西藏 拉萨,积极
5166289522790220,2025-05-14,573,广西,饭圈文化好吗《吐》,鸭中翘楚,m,甘肃,积极
5166289522790220,2025-05-14,284,四川,"虽然金额有点不真实,但是他入狱是迟早的",小飞侠东东东,f,其他,消极
5166289522790220,2025-05-14,145,山东,当年李铁刚爆出来很多人也不信《doge》,于家五少爷巴扎黑,m,山东 潍坊,积极
5166289522790220,2025-05-14,81,江苏,"收了多少钱,带带我",小奇奇是什么奇,f,江苏,积极
5166289522790220,2025-05-14,80,贵州,?英雄?,还有朝阳,f,贵州 毕节,积极
5166289522790220,2025-05-14,79,新疆,国球都被他搞成脏球了,无所畏惧-722,f,新疆,消极
5166289522790220,2025-05-14,54,广东,他的家产是蔡老给的,小吉烦恼,f,广东 东莞,积极
5166289522790220,2025-05-14,46,山西,"发展的好啥啊,后继无人,断在他手里了",叶洛洛__Dreams,f,云南 丽江,消极
5166289522790220,2025-05-14,35,河南,早晚的事罢了,潇依弦lemon,f,河南,消极
5166289522790220,2025-05-14,13,湖南,"真假难辨,假的造谣成本有点大,真的吓死人了《允悲》",竞技体育成绩才是硬通货,m,其他,消极
5166289522790220,2025-05-14,31,广东,"他的运动生涯没人置疑,但发展得好是他的功劳吗?是前人栽的树,上任几年现在烂摊子一扔",南风知洛意,f,海外,积极
5166289522790220,2025-05-14,31,四川,"英雄?哈哈哈哈哈哈哈哈哈,笑死了",制躁少年,f,北京,积极
5166289522790220,2025-05-14,35,福建,英雄?《吐》从他代言爱x进时就什么都不是了,阳光皓恩,m,福建,积极
5166289522790220,2025-05-14,21,河北,你是对英雄这个词有误解吧?,手机用户3305100417,m,其他,积极
5166289522790220,2025-05-14,19,山东,智障少年,摩托1991,m,其他,消极
5166289522790220,2025-05-14,19,湖北,"看得出来咱们国内不少叛徒和间谍,针对国乒,国家必须出手对造谣传谣的人严惩了",叫做姻缘吧,f,湖北,消极
5166289522790220,2025-05-14,16,广东,李铁被抓之前也有人这么说。带领到丢了男乒的统治力。,友人A_1240,m,广东,消极
5166289522790220,2025-05-14,12,上海,"把需要靠实力的国乒生生弄成了要靠背景,不要以为广大球迷看不明白,人民的眼睛是雪亮的,不要人不知,除非己莫为",雨辰_75,m,其他,积极
5166289522790220,2025-05-14,4,天津,"这个丹尼尔什么什么的是x上知名的无脑反贼,天天发表低智商谣言,居然今天这么多人在传发的截图,我也是服了",Fonins,m,天津,消极
5166289522790220,2025-05-14,4,江苏,刘国梁自己不上网吗?怎么还不发律师函,执栩成功,m,上海 嘉定区,消极
5166289522790220,2025-05-14,5,陕西,"发展好《费解》不懂的还真以为现在国乒是他带出来的人,上边建好的梯队都快被他祸祸完了,仅剩几人在撑,他从老师手里夺走东西再变渠道走快钱挣得别太多了",woainixxbb,f,陕西,消极
5166289522790220,2025-05-14,4,广东,一个个顶着运动员的头像圈子过来说人家贪污《笑cry》娱乐圈真的很恐怖你们这些人,韦一德你,m,广东 广州,消极
5166289522790220,2025-05-14,1,福建,炒cp 断梯队 wtt捞钱 该!,能量条满格,m,其他,积极
5166289522790220,2025-05-14,0,辽宁,搞墙还是挺有必要的《微笑》,张立立立立东丶,m,辽宁 沈阳,积极
5166289522790220,2025-05-14,0,广东,事情真的吗?,佩佩和俊俊,m,广东 深圳,消极
5166289522790220,2025-05-14,0,上海,呸,白菜豆腐汤昂,f,其他,积极
5166289522790220,2025-05-14,0,江苏,有病,不疾不徐女士-爱打拳版,f,江苏,消极
5166289522790220,2025-05-14,0,四川,曾经的,像这样的小事,m,其他,消极
5166289522790220,2025-05-14,5,陕西,你头叫驴踢了,胡乐乐20,m,陕西 西安,积极
5166289522790220,2025-05-14,0,云南,你都这么说了我应该知道咋回事了《允悲》,我自明途,m,云南,积极
5166289522790220,2025-05-14,3,江苏,是蔡振华带的好吧,笑笑乐妈,f,江苏 南京,积极
5166289522790220,2025-05-14,2,北京,英雄的标准有点低了《开学季》,两个大爆炸,m,陕西,积极
5166289522790220,2025-05-14,1,海南,王楠两口子那名声臭的不能再臭了,用户5636432975,f,其他,消极
5166289522790220,2025-05-14,1,云南,饭圈谁引进来的?《笑cry》 梯队建设成这样子还在洗啊?《笑cry》,V_Gaming,m,其他,消极
5166289522790220,2025-05-14,1,山东,"他们各自都有微博,发声渠道不要太方便,再加上他们的脾气,早就发博澄清了吧😄😄",哈哈msmsmsbanana,m,山东 潍坊,积极
5166289522790220,2025-05-14,0,河南,请不要侮辱英雄这个称谓 《怒》,大眼茄子mm,m,河南 郑州,消极
5166289522790220,2025-05-14,0,浙江,英雄?《笑cry》,D伯爵吉祥,f,浙江 杭州,消极
5166289522790220,2025-05-14,1,河北,英雄也不影响他犯错误,春水忆将南,m,其他,积极
5166289522790220,2025-05-14,0,北京,绝不是空穴来风,一只老羊11,m,北京 东城区,积极
5166289522790220,2025-05-14,0,山东,有没有问题不知道就先查 查完了再说《笑cry》,我不是在等天明,m,山东,消极
5166289522790220,2025-05-14,0,甘肃,32现在就是个啥?,5冠5FMVP成虚话,m,甘肃 兰州,积极
5166289522790220,2025-05-14,0,广东,"英雄?不至于,不至于!",阿婆家猫咪,f,其他,积极
5166289522790220,2025-05-14,0,新疆,培养出32强嘛《doge》,新的征程加油,m,上海,积极
5166289522790220,2025-05-14,0,辽宁,"你发遮一条,收了多少钱《doge》《doge》《doge》《doge》《doge》《doge》《doge》",牛妞扭牛518,f,辽宁 大连,积极
5166289522790220,2025-05-14,0,四川,尊嘟假嘟,多次婉拒彦祖,f,四川 成都,积极
5166289522790220,2025-05-14,0,湖南,现在提到乒乓就是饭圈,唐唐62041,m,其他,积极
5166289522790220,2025-05-14,1,湖南,"英雄??!!马龙樊振东张继科都是蔡教练留下的人才,他梯队建设稀烂,就给王励勤的是什么队伍?一个世界单打冠军都没有,林诗栋经验不足,32能力不行,林高远梁靖崑都年纪大了《笑cry》其他00后资格赛打不出。",用户7749326496,m,其他,消极
5166289522790220,2025-05-14,0,天津,"你只代表你,别说我们《微笑》",Calvin秋,m,北京 朝阳区,积极
5166289522790220,2025-05-14,0,天津,你这么没智商 是怎么有脸吧吧的呢,萌萌的小狮子妈妈,f,天津,消极
5166289522790220,2025-05-14,0,山东,这叫好?你的脑子呢,心有了悟,m,其他,积极
5166289522790220,2025-05-14,0,浙江,这一层的造谣警察叔叔可以管管吗?,金世界的妞妞,f,浙江 湖州,消极
5166289522790220,2025-05-14,0,内蒙古,???,梨园-松露-,f,其他,消极
5166289522790220,2025-05-14,0,四川,知道自己在说什么吗?,海上森林一只猫217,m,海外 英国,积极
5166289522790220,2025-05-14,0,上海,我只相信蓝底白字,湖心酣梦,m,其他,消极
5166289522790220,2025-05-14,0,湖北,"成绩?呵呵,利益勾结超乎想象",HelloWorld你好我叫米奇,m,其他,积极
5166289522790220,2025-05-14,0,北京,上一个被黑的是易建联《并不简单》,小小小豆包的幸福生活,f,山东 德州,消极
5166289522790220,2025-05-14,0,广东,狗儿,这是微博昵称88,m,其他,积极
5166289522790220,2025-05-14,0,山东,发展的好《微笑》,让我仔细想想先,f,山东,积极
5166289522790220,2025-05-14,0,山东,这背书了?他进去 你陪着坐?,用户6523598286,f,其他,积极
5166289522790220,2025-05-14,0,天津,航嘎产,二律背反199207,f,其他,积极
5166289522790220,2025-05-14,0,北京,护照都不在自己手里吧,善良的金鼠,f,其他,消极
5166289522790220,2025-05-14,0,山西,还有人信推上的串子啊,PACLOK_Offical,m,北京,积极
5166289522790220,2025-05-14,0,江苏,"《思考》能这么传播,十有八九是真的",好人会有好运叭,m,江苏 南京,积极
5166289522790220,2025-05-14,0,广西,讨厌饭圈文化,marrymarrycan,m,广东 广州,消极
5166289522790220,2025-05-14,0,浙江,英雄?你什么眼神,用户7551692,f,其他,积极
5166289522790220,2025-05-14,0,陕西,多少钱一条?,我要永远留在有你的那个夏季_,f,其他,积极
5166289522790220,2025-05-14,0,江苏,呵呵 国乒乌烟瘴气成什么样子了 出这事 一点都不意外,Leo爱luckybaby,m,其他,积极
5166289522790220,2025-05-14,0,湖北,"过了这么久还没辟谣,感觉有点像是真的",村里在逃翠花yyy,f,其他,消极
5166289522790220,2025-05-14,0,浙江,棒子国有个戏子也这么哭过《二哈》,手机用户9333754946_1j7,m,江苏,积极
5166289522790220,2025-05-14,0,陕西,? 感觉你在反串《笑哈哈》,超市杀鱼的,m,陕西 汉中,积极
5166289522790220,2025-05-14,0,河南,英雄?别糟蹋英雄这个词好吗?担当代秦桧吧,飘雪6058134175,f,河南 安阳,消极
5166289522790220,2025-05-14,0,山东,真的,jjjjjcl_jcl,m,山东 济南,消极
5166289522790220,2025-05-14,0,广东,"英雄个屁,他靠吃别人组建的梯队摘成果,现在漏腚了",马路剪刀手,f,海南 三亚,消极
5166289522790220,2025-05-14,1,山东,"绝对真的,等着吧",jjjjjcl_jcl,m,山东 济南,积极
5166289522790220,2025-05-14,0,浙江,"《允悲》《允悲》平时看乒乓球么?养狼都什么猴年马月的事情了,现在陪练教练都是受管制的。。",海菌步冰上等冰cyka,m,浙江 宁波,积极
5166289522790220,2025-05-14,0,上海,反转了?,王奶胖的微博,f,上海,积极
5166289522790220,2025-05-14,0,天津,"你们的英雄,哈哈",VV亲爱的我们VV,f,天津,积极
5166289522790220,2025-05-14,0,内蒙古,。。。《黑线》笑死我了,___Miraitowa_____,m,其他,积极
5166289522790220,2025-05-14,0,上海,赌球?,lijingpandao,f,上海,积极
5166289522790220,2025-05-14,0,上海,多少钱?我也想做,华丽丽的S吧,f,海外 日本,积极
5166289522790220,2025-05-14,0,广东,你不会是演的吧,帅晞晞,f,其他,积极
5166289522790220,2025-05-14,0,福建,"?哈哈哈哈,你的回复也很好笑,养狼计划,纯乐子",心跳节奏大师,m,安徽,积极
5166289522790220,2025-05-14,0,江苏, 这一切一定会有真相大白的一天,财又又-,f,江苏,积极
5166289522790220,2025-05-14,0,山西,啊?真的假的,鹿与森空,f,西藏,积极
5166289522790220,2025-05-14,0,广东,我差点以为你说的是反话《doge》,丨YYue丨,f,广东,积极
5166289522790220,2025-05-14,0,广西,"我天,真的假的《坏笑》",谢ci许呦822,m,其他,积极
5166289522790220,2025-05-14,0,上海,???,又怎么咩我的大小姐,m,上海,消极
5166289522790220,2025-05-14,0,辽宁,多钱,犇羴鱻小妞儿,f,辽宁 沈阳,积极
5166289522790220,2025-05-14,1,浙江,饭圈《允悲》《允悲》《允悲》倒胃口,你看蓝蓝的天2011,f,浙江 杭州,积极
5166289522790220,2025-05-14,0,四川,"说吧,果凉给了你夺少钱",迷失兔仔,f,香港,积极
5166289522790220,2025-05-14,0,广东,"如果是贪污出问题,哪会给机会他冠冕堂皇地卸任啊《允悲》《允悲》都是直接出通告,你看足协的就是这样",广团DB07feel,m,广东 佛山,积极
5166289522790220,2025-05-14,0,福建,刘的热搜这么快就没了?,Leno大白,m,其他,消极
5166289522790220,2025-05-14,0,海南,应该是,东明欧巴,m,辽宁 锦州,积极
5166289522790220,2025-05-14,0,广东,你看到的所谓繁荣给后面留下了多少坑,用户7368866306,m,其他,消极
5166289522790220,2025-05-14,0,上海,保护腻玛了个畴壁,论文被拒专业户,m,海外 日本,积极
5166289522790220,2025-05-14,0,辽宁,"哪有纯粹的好人坏人,哪怕入选中国好人,也会做坏事,杀人犯也一样会做好事",雨森霖ln,m,其他,消极
5166289522790220,2025-05-14,0,上海,我相信你 但是大家不相信你 我也没办法《doge》,小面面201108,m,其他,积极
5166289522790220,2025-05-14,0,山东,天了喽!这哪来的消息啊,O捡破烂的小孩O,f,其他,积极
5166289522790220,2025-05-14,0,福建,其他不知道代言过p2p很多人冲他去的血本无归这事是真《阴险》,用户7760748270,m,北京 朝阳区,积极
5166289522790220,2025-05-14,1,河北,给你多少钱啊?,kakacaoo-,f,北京,消极
5166289522790220,2025-05-14,0,四川,哈哈哈哈哈哈哈哈哈,kardusenkkkkk,f,海外,积极
5166289522790220,2025-05-14,0,重庆,无风不起浪,椿三十娘,f,其他,积极
5166289522790220,2025-05-14,0,广东,胡说八道,Eric_Hins,m,广东,消极
5166289522790220,2025-05-14,0,马来西亚,不像演的,bccjsw,m,其他,消极
5166289522790220,2025-05-14,0,广东,英你个jb雄《微笑》,Wuli绝绝子,m,广东 惠州,积极
5166289522790220,2025-05-14,0,黑龙江,"肯定是真的,等着官方通报吧",海绵--派大,f,其他,积极
5166289522790220,2025-05-14,0,河北,"不认可最后俩字,其他没啥毛病",李波特波特,m,其他,积极
5166289522790220,2025-05-14,0,广东,《吐》假消息?支持国梁,美妆灵感捕手物语,f,其他,积极
5166289522790220,2025-05-14,0,浙江,下次洛杉矶堪忧啊堪忧《允悲》,温婉奶糖在追剧,f,其他,积极
5166289522790220,2025-05-14,0,新疆,"这个事是不是真的先不谈,先说他带领国家队,他带了啥《允悲》带了饭圈文化吗《允悲》梯队建设就是在他手上毁掉的《允悲》现在男乒主力居然一个单打世冠都没有《允悲》",用户7982204436,m,其他,消极
5166289522790220,2025-05-14,7,上海,说他家里放着1亿现金 要知道1亿100元面值是1.5吨 需要三辆运钞车……还说携款潜逃 《吃瓜》还是多读点书吧,我亲爱的好妈妈呀,m,海外,消极
5166289522790220,2025-05-14,0,四川,🔨的英雄,阿西少年崔打打,f,四川,积极
5166289522790220,2025-05-14,0,河北,"我呸,赶紧抓起来",京儿哨儿,f,其他,积极
5166289522790220,2025-05-14,0,广东,"未知真相我们不造谣不传谣 但是也别随便辟谣,否则打脸就难受了",三岁就爱lang,m,上海,消极
5166289522790220,2025-05-14,0,广东,看着没有李铁那么坏阿《思考》,其趣Ai客栈,f,广东 深圳,消极
5166289522790220,2025-05-14,0,广东,《汗》别搞笑了还养狼计划 别为失败找各种乱七八糟的借口了,gigigillll,f,其他,积极
5166289522790220,2025-05-14,0,云南,神金,米牙噢,f,海外,积极
5166289522790220,2025-05-14,0,辽宁,放p,噼里啪啦哗啦啦砰砰砰,f,北京,消极
5166289522790220,2025-05-14,0,广东,赶紧把这厮捉进去吧《哈哈》《哈哈》《哈哈》,伍号停机坪,m,其他,积极
5166289522790220,2025-05-14,0,北京,"一眼假,外网的假消息基本都是一个账号发的。",神是胡萝卜,f,其他,消极
5166289522790220,2025-05-14,1,广东,拉黑这个博主,中正平等,m,其他,积极
5166289522790220,2025-05-14,0,上海,智障🤮,一粒尘埃aa,f,上海,消极
5166289522790220,2025-05-14,0,湖南,那你还发出来《允悲》,Fabulous_U,f,其他,积极
5166289522790220,2025-05-14,0,湖南,你这是辟谣啊还是帮他宣传呢《允悲》,Fabulous_U,f,其他,积极
5166289522790220,2025-05-14,0,江苏,你这发言配得上你的昵称《doge》,月下瓜田一只猹00,m,其他,积极
5166289522790220,2025-05-14,0,安徽,你确定?,用户7792572281,f,其他,积极
5166289522790220,2025-05-14,1,江苏,"是啊 现在饭圈文化就是他一手造成的吧。你饭圈就饭圈,但凡有点实力也不会被喷。可是将曾经最稳的国乒搞成被他国打。这叫贡献大?你让以前的教练情何以堪。",Aokix_L,m,江苏 南京,消极
5166289522790220,2025-05-14,0,陕西,糖逼一个,用户7938162143,m,陕西 渭南,积极
5166289522790220,2025-05-14,0,广东,"《doge》突然辞职,你以为呢",m-Raincatsanddogs,f,其他,消极
5166289522790220,2025-05-14,0,安徽,智慧跟你不沾边啊,俺们苏坡woman,f,安徽 六安,积极
5166289522790220,2025-05-14,0,四川,"你别删,等着打脸",用户5416436569,m,其他,消极
5166289522790220,2025-05-14,0,江苏,国乒近几年的一出出光怪陆离荒诞剧是谁一手导演的?,jake-2002,m,江苏 苏州,积极
5166289522790220,2025-05-14,0,中国香港,理性吃瓜《吃瓜》《吃瓜》《吃瓜》,小白球的堅持,f,其他,积极
5166289522790220,2025-05-14,0,德国,"智慧少年《赞》另外,一口一个""我们"",你们都谁啊?",用户7804355292,f,其他,积极
5166289522790220,2025-05-14,0,山东,估计好景不长了吧,用户7800245600,m,山东 日照,消极
5166289522790220,2025-05-14,0,陕西,英雄哈哈哈哈哈哈哈哈哈,用户7904617517,m,陕西 西安,积极
5166289522790220,2025-05-14,0,广西,真能吹《嘻嘻》,尚沅沅小老弟坚,f,海外 美国,积极
5166289522790220,2025-05-14,0,四川,镜头感挺强啊,旺defu,f,其他,积极
5166289522790220,2025-05-14,0,山西,"就你们知道,你们是哪家大爷?真是一群闲着的猪",用户6442107897,m,其他,积极
5166289522790220,2025-05-14,0,山西,"你们说话真恶心,公道自有法律在,不在你们的口水里《吐》",用户6442107897,m,其他,消极
5166289522790220,2025-05-14,0,江苏,"乒乓球圈最近怎么了?刘国梁时代的乒乓奥运金牌是最稳的吧。他自己身家至少亿万吧,至于贪那点钱?粉圈党同伐异无所不用其极?",fafami123,m,江苏,积极
5166289522790220,2025-05-14,0,广东,"赌球洗钱才有这么大金额,只贪污没这么多吧,要么资本借某tt转移资产到国外。",市二宫的地铁站,f,其他,消极
5166289522790220,2025-05-14,0,浙江,加个狗头《doge》,贵鬼,m,浙江 舟山,积极
5166289522790220,2025-05-14,1,江苏,"动点脑子都知道是假的,人家在国际上还有职务,真想跑,在国外不回来就是了,需要跑到云南吗?《允悲》",你哈我哈-,m,其他,消极
5158650756207568,2025-04-24,512,甘肃,他怎么还在《允悲》,角r度s,f,甘肃,积极
5158650756207568,2025-04-23,711,浙江,"张继科4月22日说的,只是在说水谷奥恰马琳雨果等人时顺口实话实说了而已,跟人事变动无关",轻去就蝶,f,其他,积极
5158650756207568,2025-04-24,343,广东,这个人能不能不要推给我?! 他先做好自己可以吗?!,鱼干一斤,f,广东 广州,消极
5158650756207568,2025-04-23,560,北京,"张继科对这些前辈一直都很尊敬,说力哥训练刻苦从不迟到,马琳把握节奏只是因为不想输,在他眼里没有什么官不官的,即使对方输给过自己,认真打,打得好,他从来都不吝啬夸奖",悼雪之诗_,f,其他,积极
5158650756207568,2025-04-24,244,江苏,"张继科是谁,面子多大,劣迹运动员",颜淡1106-,f,江苏,消极
5158650756207568,2025-04-24,207,四川,你赌博也从来不迟到,我头发乱了n,f,其他,积极
5158650756207568,2025-04-24,86,天津,"我本来觉得他还行,但有一次小🍠刷到他直播他刚好说了句""没加粉丝团的就不要问问题了,问我也不会回答""我就………",Melody_淘气大人,f,北京 朝阳区,积极
5158650756207568,2025-04-23,158,广东,"昨天晚上直播说的,说了很多人,外协+国内的运动员很多都提到了,不要乱联想,他今天不直播🙅",为你钟情onou,f,广东,积极
5158650756207568,2025-04-24,141,山东,又蹭上王励勤了啊,那一抹秋阳,f,其他,积极
5158650756207568,2025-04-24,87,内蒙古,国乒内部纷争别带张继科了 他只是在回答直播问题而已《拜拜》,qvanzhixianan,f,黑龙江,积极
5158650756207568,2025-04-24,44,北京,又开始买热搜了,吴彦祖五道口分祖,m,北京,积极
5158650756207568,2025-04-24,26,江苏,"真能蹭热度,训练不迟到是不是和我们上学,上班不能迟到一个道理",叶可伊,f,江苏 苏州,积极
5158650756207568,2025-04-24,39,宁夏,张继科一直都很尊重这些老大哥,WangXJ娟,f,其他,积极
5158650756207568,2025-04-24,7,福建,啥都出来蹭热度一下?能不能封杀《允悲》,银河信使tmwm,m,福建 泉州,消极
5158650756207568,2025-04-24,26,广东,这人怎么还蹭,皮皮是只小鸟,f,其他,消极
5158650756207568,2025-04-24,50,北京,赌神又来了,小肯杰特,m,河北 沧州,积极
5158650756207568,2025-04-24,9,四川,难怪赵薇当年喜欢他,Daymoon欣,f,四川 成都,积极
5158650756207568,2025-04-24,3,浙江,"大力全能,就是战绩上稍微差点,退役这么多年还能保持身材不走样,很难得了。",章清越,m,浙江 杭州,积极
5158650756207568,2025-04-24,5,新疆,"从不迟到,这应该是最基本的吗?",虞人微笑,f,其他,积极
5158650756207568,2025-04-24,14,山东,哪哪都有你啊!能低调做自己的事儿嘛。别老出来说这说那的。,qkbelieve,f,山东 滨州,积极
5158650756207568,2025-04-24,15,广东,"人事变动前说的,今天又被拉上热搜了?",提琴茉歌,f,广东 潮州,积极
5158650756207568,2025-04-24,0,河南,"对对对,那也比32强的多的多的多",悠悠玩玩转转看看,m,河南 漯河,积极
5158650756207568,2025-04-24,4,江苏,"还行吧,至少不像以前给小教练买黑热搜了,这样热搜我们粉丝能接受。",随遇而安啦啦啦-99,m,其他,积极
5158650756207568,2025-04-24,7,江苏,"言外之意,你比王励勤到得还要早。",Den丶z,m,江苏,积极
5158650756207568,2025-04-24,1,广西,这不是应该的吗?敢情有人经常迟到《允悲》,咚的一生,f,其他,积极
5158650756207568,2025-04-24,4,北京,"人品不咋地好像,跟景甜谈恋爱闹得挺不好的",爱柯菲儿,f,北京,积极
5158650756207568,2025-04-24,3,重庆,他不出来刷存在感不行吗,Qi七宝贝,f,其他,积极
5158650756207568,2025-04-24,8,江苏,我上班也不迟到,小小村落路上一道辙,m,山东,消极
5158650756207568,2025-04-24,1,上海,"你自己做得非常好,开始评论区指点江山了",码农不说虚的,m,海外,积极
5158650756207568,2025-04-24,2,四川,这是张继科4月22日说的,堂月辉舟,f,其他,积极
5158650756207568,2025-04-23,2,河南,咋这么胖了?是张继科么?,苹果树的信仰,f,其他,消极
5158650756207568,2025-04-24,0,中国香港,蹭蹭蹭,mslit2019,f,香港,积极
5158650756207568,2025-04-24,5,北京,"不感兴趣,点了,别推",巴豆宝贝,m,北京 朝阳区,消极
5158650756207568,2025-04-24,0,河北,"营销号能不能不带jk了,",用户6586783168,m,其他,积极
5158650756207568,2025-04-24,0,广东,为啥每次都有他的事,疯子57502,m,其他,积极
5158650756207568,2025-04-24,0,陕西,《泪》,完美动力袁心玥,m,北京,消极
5158650756207568,2025-04-24,3,广东,他是找到了什么流量密码吗,我是一颗铁蛋蛋,m,广东 广州,积极
5158650756207568,2025-04-23,1,山东,不是哥们怎么每次都是你《二哈》,葡萄猫猫子,f,江苏,积极
5158650756207568,2025-04-25,0,天津,"只有通过努力,才能收获成功。加油!💪",樱桃小果子-17,f,天津 西青区,积极
5158650756207568,2025-04-24,0,山东,见风使舵,abc起个名字好难啊,m,其他,积极
5158650756207568,2025-04-24,0,黑龙江,那说说谁总迟到吧,就要金哒,f,其他,消极
5158650756207568,2025-04-24,0,四川,"王励勤能力出众,务实,谦和,惜才!相信国乒在他的带领下会越来越好!",不畏浮云遮望眼3223,f,四川,积极
5158650756207568,2025-04-24,4,山东,"神经病啊《可爱》yxh每天就特么搞直播切片,星期二晚上的直播,星期三有事了之后放《可爱》22号晚上王励勤还没上任呢,望周知",张德坤不困,f,其他,积极
5158650756207568,2025-04-24,0,黑龙江,"要不人家咋是队长呢,因为纪律性和自律性好,有榜样的力量",摩羯座火龙果姐姐,f,黑龙江 哈尔滨,积极
5158650756207568,2025-04-24,0,陕西,"王励勤接棒刘国梁,既是个人职业生涯的巅峰,也是国乒历史转折的关键节点。他的成功与否,不仅关乎个人能力,更取决于能否在商业化浪潮中坚守竞技本质,在青训断层中培育新血。正如他球员时代从低谷中崛起一样,这一次,他需要以管理者的智慧,带领国乒跨越新时代的鸿沟。",妇产医生马良坤,f,北京,积极
5158650756207568,2025-04-24,3,北京,"私德确实不行,但不可否认的是他在国乒上是付出过汗水,也为国家和自己带来过荣耀,纯路人。单论乒乓他没问题,私德确实一言难尽",潜水钟忆落,f,北京 朝阳区,积极
5158650756207568,2025-04-24,0,吉林,"对,这个我也知道",守护你我最爱的任,f,其他,积极
5158650756207568,2025-04-24,0,四川,"善行缘于善心,有着善的心灵,就如同一股清泉,永不枯竭,清纯甘甜,发自内心的善,才会有善行善举,唯善之心处处欢声笑语,处处和气生财。",麦芽糖candy_,f,四川 绵阳,积极
5158650756207568,2025-04-24,2,河南,"估计人品属于类似于小胖类型的,不是靠圆滑小聪明,而是靠踏实自律获得的成就,尊重",Shanywu,m,河南 许昌,积极
5158650756207568,2025-04-24,3,上海,上班不迟到是正常的《doge》,无敌小峰峰001,m,上海,积极
5158650756207568,2025-04-24,2,河北,"本来就是,王励勤就是最自律的运动员《good》",用户6490908080,f,北京,积极
5158650756207568,2025-04-26,1,上海,"很羡慕你,我的女神景甜《泪》",YoTengoSuerte2025,m,上海 黄浦区,消极
5158650756207568,2025-04-26,0,中国澳门,好!,kuankakit,m,澳门,积极
5158650756207568,2025-04-25,0,山东,《黑线》,泱泱粟,f,其他,消极
5158650756207568,2025-04-25,0,浙江,《doge》,刘佑中,m,其他,积极
5158650756207568,2025-04-24,0,贵州,"脑子是个好东西,可是好多人都没有《doge》中国义务教育任重道远!《doge》",炫丽多采,m,其他,积极
5158650756207568,2025-04-24,0,北京,他最近挺活跃,跳舞的肉丸子,f,其他,积极
5158650756207568,2025-04-24,0,江西,劣迹运动员能不能不要再蹭了《太开心》《太开心》《太开心》做错事了就该消失啊,半只张小,f,其他,积极
5158650756207568,2025-04-24,0,安徽,"不是,怎么哪哪都有他?一有谁有事, 他就出来说《允悲》",吴小妞的窝,f,安徽 芜湖,积极
5158650756207568,2025-04-24,0,浙江,《心》,颜心贝儿,f,其他,消极
5158650756207568,2025-04-24,0,广东,张继科请离开中国,玛奇朵DoReMi,f,广东,消极
5158650756207568,2025-04-24,0,河南,是给债主景甜裸照的那个人吗?,有幸遇见为你而战,f,其他,消极
5158650756207568,2025-04-24,3,安徽,又开始蹭王励勤热度了《允悲》,Sophiadarling,f,江苏 无锡,积极
5158650756207568,2025-04-24,0,山东,"冷知识:当年王励勤还和zw搞过对象,但是没过多久就分了《doge》",霜晨月光,f,山东,积极
5158650756207568,2025-04-24,0,广西,其他人频繁迟到?《doge》,UI6U6248E931DK705F5,m,其他,消极
5158650756207568,2025-04-24,0,北京,希望王励勤对国家队提高要求,YOOOONGHwa丫,f,北京 朝阳区,积极
5158650756207568,2025-04-24,0,天津,不迟到其实并不能说明什么,陶陶1965,f,天津 南开区,积极
5158650756207568,2025-04-24,0,河北,"大家不都是这样吗?谁迟到啊,我记得当时许昕说过周六日休息不训练,结果一看大家卷的不行,都在训练",南瓜37482,f,其他,消极
5158650756207568,2025-04-24,0,上海,"不否认他为国家体育事业做的贡献,但是不珍惜羽毛的奥运冠军就别老是提踏实努力的国家队前同事了吧《微笑》",脑洞回收中心,f,其他,积极
5158650756207568,2025-04-24,1,吉林,又换人ceng了,用户7859570210,f,吉林 通化,消极
5158650756207568,2025-04-24,0,陕西,阳奉阴违,吸财运的迷,f,其他,积极
5158650756207568,2025-04-24,1,浙江,"这个人怎么一天天说这个,评价那个的,谁热度高,就聊谁",用户7575946490,f,浙江 台州,积极
5158650756207568,2025-04-24,1,贵州,"能不能少点他的新闻啊,一天天推热搜,真的很烦人",门德罗,f,贵州 黔西南,消极
5158650756207568,2025-04-24,1,广东,最近这人怎么回事?是想复出吗?一直不停的推送他的动态过来,月沫溪_763,m,海外,积极
5158650756207568,2025-04-24,1,黑龙江,"想回来了,真会",红佛620,f,黑龙江 牡丹江,积极
5158650756207568,2025-04-24,1,四川,我有点无语 听风就是雨 随便说一句话就上热搜了《允悲》,爱偏科同学,f,其他,积极
5158650756207568,2025-04-24,0,四川,"可惜他还是少了个奥运单打冠军。张继科不那么作的话,也和马龙一样当领导了?",智娱至乐,m,四川,积极
5158650756207568,2025-04-24,1,山西,一个渣男怎么总上热搜,开心磕糖而已,f,山西 太原,消极
5158650756207568,2025-04-24,1,黑龙江,这马屁拍的,啥节奏睡觉哦,f,内蒙古 通辽,消极
5158650756207568,2025-04-24,0,江苏,谁迟到,返回啊,f,江苏,消极
5158650756207568,2025-04-24,0,湖北,任何行业 职业 不迟到是最基本的 什么时候开始不迟变成了优点,念念不忘可好不,f,湖北,积极
5158650756207568,2025-04-24,1,北京,"哦 然后呢,不迟到不是最基本的么",KaiHua202404,m,其他,积极
5158650756207568,2025-04-24,2,天津,那其他人是不是经常迟到啊,浅淡于心293184864,m,其他,消极
5158650756207568,2025-04-24,0,江西,张继科就是32强拿少了《笑哈哈》,定火qvq,m,其他,积极
5158650756207568,2025-04-24,2,北京,记得王励勤上文娱板块的时候和赵薇谈恋爱……………当年震死我了,嗝哩在家,m,其他,积极
5158650756207568,2025-04-24,1,陕西,"你的前辈很优秀,不代表你优秀",你是紗布嗎-,f,陕西 西安,积极
5158650756207568,2025-04-24,0,四川,第一个喜欢的球员,我会陪你晒太阳OK,m,其他,积极
5158650756207568,2025-04-24,1,湖南,国球大典 大力个一个人挑翻外协 那个场面至今还历历在目《嘻嘻》,光哥有点忙,m,湖南 长沙,积极
5158650756207568,2025-04-24,1,广东,他这话讲得难道他当运动员的时候训练经常迟到?而且做为运动员训练不迟到不是应该的吗。,晚风祭忘川,f,其他,消极
5158650756207568,2025-04-24,1,湖南,他怎么还能出来直播?,全世界独一无二的我1996,f,其他,消极
5158650756207568,2025-04-24,1,上海,真当网络没记忆?赌博!照片!,小艾同学de面膜,m,上海 徐汇区,积极
5158650756207568,2025-04-24,3,辽宁,劣迹运动员不要推给我,岳琦R,f,辽宁 沈阳,消极
5158650756207568,2025-04-24,0,上海,"哪都有他,适当出现蹭流量还可以,不能次次都出现吧。大家嘴下留情,个人观点,勿喷",Fan烦小范,f,上海 浦东新区,积极
5158650756207568,2025-04-24,1,甘肃,"又蹭热度,景甜那事完事了?",伊云926,f,其他,积极
5158650756207568,2025-04-24,1,天津,替景甜扇他一嘴巴,白-_-,m,天津 和平区,积极
5158650756207568,2025-04-24,1,上海,"劣迹运动员频繁出现,国家队是真没人了吗《允悲》",手上有虫虫,f,上海 浦东新区,消极
5158650756207568,2025-04-24,1,上海,"他怎么天天出来上热搜,他讲的话就这么重要么《笑cry》《笑cry》",Liya蓉儿-,f,上海 徐汇区,消极
5158650756207568,2025-04-24,1,甘肃,为啥最近热搜天天推他?,一位有经验的编程爱好者,m,其他,积极
5158650756207568,2025-04-24,1,黑龙江,他怎么还在蹦跶,依baby涵,f,黑龙江 哈尔滨,消极
5158650756207568,2025-04-24,1,山东,这个赌徒还不封杀吗。,都要结束的,f,山东,消极
5158650756207568,2025-04-24,1,天津,他买了多少钱的热搜,用户7912225830,m,其他,消极
5158650756207568,2025-04-24,1,上海,劣迹运动员,jerry快跑__,f,上海,消极
5158650756207568,2025-04-24,0,上海,领导就喜欢这种,夜半歌声413,m,上海,积极
5158650756207568,2025-04-24,0,天津,"他那么好,这么不让他去当总教练!",tuantuandoudou我爱你们,f,天津,消极
5158650756207568,2025-04-24,0,上海,王励勤很自律啊,织梦入枕,f,上海 静安区,积极
5158650756207568,2025-04-24,0,江苏,人如其名,粉红小仔1,f,江苏 苏州,积极
5158650756207568,2025-04-24,3,江苏,又来蹭,乱舞大乔,m,其他,积极
5158650756207568,2025-04-24,0,上海,"上海人不迟到不早退,天选打工人第一名",希望你也活得通透,m,上海 浦东新区,积极
5158650756207568,2025-04-24,1,吉林,冷知识:王励勤和赵薇谈过,玉芬嗦鱼粉,f,台湾 其他,积极
5158650756207568,2025-04-24,0,河南,《心》,麓兮-,m,河北,消极
5158650756207568,2025-04-24,1,广东,"你不评论不就好了,评论了继续给你推《睡》",第四号昵称,f,广东 深圳,积极
5158650756207568,2025-04-24,1,河南,赌博害人啊,别忘娜娜,f,其他,消极
5158650756207568,2025-04-24,1,上海,很多人都是这样说的,何以微微一笑,f,北京,消极
5158650756207568,2025-04-24,0,辽宁,羡慕自律的人,小狐狸是大乔乔呀,f,湖北,积极
5158650756207568,2025-04-24,1,北京,他为什么还在,短头发那女的,f,北京 海淀区,消极
5158650756207568,2025-04-24,0,陕西,早几年赵薇跟王励勤结婚多好《喵喵》,Brilliant2021,f,海外,积极
5158650756207568,2025-04-24,0,安徽,人如其名,我简直惊呆了哦,f,安徽 合肥,积极
5158650756207568,2025-04-24,1,广东,"规规矩矩做人踏踏实实做事挺好的,别瞎搞了。",Aramey,m,广东 广州,积极
5158650756207568,2025-04-24,0,湖北,"是谁说陪练还要形象好的,谁~谁~完整视频到底是怎么样?《允悲》",你特别好特别棒,f,其他,积极
5158650756207568,2025-04-24,0,上海,那哪些人会迟到《doge》,monday_zyy,f,上海,消极
5158650756207568,2025-04-24,1,辽宁,蹭蹭蹭,我深爱的北京,f,辽宁 鞍山,积极
5158650756207568,2025-04-24,0,宁夏,?,一颗肉丸啊,f,香港 中西区,消极
5158650756207568,2025-04-24,1,上海,被凉子戕害过的怨种都活过来了《鼓掌》,resilience嗯,f,其他,积极
5158650756207568,2025-04-24,0,广东,天道酬勤,手浪用户2554103113,f,广东,积极
5158650756207568,2025-04-24,1,山东,好活跃,顺时针晓枫,f,山东,积极
5158650756207568,2025-04-24,2,安徽,这厮还在?人品差的一批,太君C罗,m,香港,消极
5158650756207568,2025-04-24,0,河北,不迟到不是应该的吗《允悲》,快乐的云裳732016,f,河北,消极
5158650756207568,2025-04-24,1,广东,能不能不要推赌徒出来,丷迷伱小路___,f,广东,消极
5158650756207568,2025-04-24,1,四川,张继科在哪直播呢?,-喜欢悠哉独自在-,m,四川,积极
5158650756207568,2025-04-24,3,江苏,"他现在对国乒的人各种看不上,嫌弃,可直播时都要讲国乒的事!蹭着国乒的流量!",手机用户2097331811,f,江苏,积极
5158650756207568,2025-04-25,2,福建,张继科给曼玉当教练好,木子曰广,f,福建 厦门,积极
5158650756207568,2025-04-24,1,四川,不想看到这个人,花似锦觅安,f,四川 凉山,消极
5158650756207568,2025-04-24,1,河北,"这个营销号真是靠我哥赚的盆满钵满,逮着一场直播分几个ct,我哥每句话都得按金价收费了《可爱》《可爱》《可爱》",老天爷你睁开眼看看吧,f,其他,积极
5158650756207568,2025-04-24,1,北京,"张继科直播:王励勤,就你们俗称的""大力"",""力哥"",训练从来不迟到,永远第一个去。  ",优个网官方微博,m,北京 朝阳区,积极
5158650756207568,2025-04-24,0,吉林,他又说《doge》《doge》对比一下同期的。说说自己,花落时节又逢君jun,f,其他,积极
5158650756207568,2025-04-24,0,北京,澳门新葡京还完了吗,已注销消消乐,f,北京,积极
5158650756207568,2025-04-24,1,黑龙江,"张继科就是牛,说啥都上热搜。典型的:哥不在江湖,江湖到处有哥的传说。《允悲》",用户6935966612,f,黑龙江 伊春,积极
5158650756207568,2025-04-24,1,广东,这是赌债还完了《doge》《doge》《doge》,行在古城3,m,其他,积极
5158650756207568,2025-05-10,0,四川,大力真敬业《汗》,茶馆眼线笔,f,四川 成都,积极
5158650756207568,2025-04-26,0,安徽,《打call》《打call》《打call》,用户5979808906,m,安徽 六安,积极
5158650756207568,2025-04-24,3,重庆,"评论区还在用23年造谣包诋毁张继科的听好了,造谣张继科的摄影阳阳这个月被封号通报,造谣记者去年被禁言半年,加上一起造谣的卓伟,信这群人的你们自己好生反省。事实是去年巴奥央视发的奥运海报把继科放在最中间位置,央新闻庆祝波尔退役放了继科比赛画面,央视态度就是打/脸造谣者神器",裸酸奶好喝,f,重庆 南岸区,消极
5158650756207568,2025-04-24,2,四川,大网红,用户6119588191,m,其他,消极
5158650756207568,2025-04-24,1,陕西,"这么斩钉截铁怎么不报警抓他呢?为什么呢?你没有手机还是手机上没有110三个按键呢?据我所知我们国家法律很严谨吧,污点艺人都不能复出呢他怎么能直播呢?你们不都证据确凿言之凿凿吗?收集证据整他啊,不会都是道听途说一点真凭实据都没有所以才没办法报警抓人吧?不会吧不会吧《打call》",R荣昭昭,f,其他,消极
5158650756207568,2025-04-24,0,黑龙江,我发现中国体育唯独乒乓大力助推网红运动员导致乒乓饭圈文化突出,冰雪魂blngxuehun,m,黑龙江 哈尔滨,消极
5158650756207568,2025-04-24,1,河南,"有个词叫表里不一,外人面前恭恭敬敬,背里缺又一副恶人的嘴脸",MG-波,m,其他,消极
5166294425142619,2025-05-14,30,北京,"我虽然不待见刘国梁,但是这帮人是多狠刘啊《允悲》",萌妹纸萤火,f,其他,积极
5166294425142619,2025-05-14,52,广东,"每次大赛前都是这群fan圈已经发展到配合老外整我们队伍,要不从外网搬运过来整舆论,要不从我们这散播出去让老外配合对立我们队伍运动员!",喜事常来乐开怀,m,其他,消极
5166294425142619,2025-05-14,6,福建,一年拨款一个亿?是包含编制内所有乒乓球从业人员的工资吗,哪里冲浪不是冲,f,其他,消极
5166294425142619,2025-05-14,87,山东,"一个两个人是带不起节奏来的,每次大赛前必作妖的就是那几个团队,自己不好也见不得别人好,吃饭砸锅令人不齿!",Celebrate-柠檬,f,山东,消极
5166294425142619,2025-05-14,67,陕西,"只要有与乒乓球有关的消息,一帮无脑乒私霸占热评一直在喷《挖鼻》《挖鼻》《挖鼻》让回来打也不愿意,反正他们总有理由",大眼萌妹是我哥,f,陕西 西安,积极
5166294425142619,2025-05-14,55,辽宁,"欺师灭祖,还有一帮人跟着狂欢,不知道为什么。",亲爱的蕾宝,f,辽宁 大连,消极
5166294425142619,2025-05-14,33,上海,主要是那个软件上的原博主是一个反hua 的人,肥吾吾,f,其他,消极
5166294425142619,2025-05-14,15,广东,到底是什么人在背后搞中国体育事业。真的看到非常气愤😠 😠😠😠😠😠😠,雪xue飞扬,f,广东,消极
5166294425142619,2025-05-14,25,内蒙古,"把某人发的截图报警,这样的人该管管了,无非是想把国乒搞垮。丧心病狂",天堂草原166,f,北京,消极
5166294425142619,2025-05-14,27,上海,"是的,感觉内外势力联合起来黑他吧,他不是要竞选国际乒协领导了么?这个中国乒乓能有现在的影响力离不开他的贡献",飞扬-Amy,m,其他,积极
5166294425142619,2025-05-14,26,河北,一看就知道哪个群体在作妖《挖鼻》,用户7435358835,m,其他,积极
5166294425142619,2025-05-14,25,福建,"1347.8杂志预热,所以又来作了",季末亿青,m,其他,积极
5166294425142619,2025-05-14,18,云南,不看都知道是哪家造谣《doge》《doge》《doge》,顽皮老板我记不住,f,云南,消极
5166294425142619,2025-05-14,20,江苏,"应该去告,这还不告,无法无天了",KSJenny梅,f,上海 普陀区,消极
5166294425142619,2025-05-14,13,广东,"大赛前的扰乱军心,已经不止一次这样做。非常可耻",稔紫的世界,f,广东 梅州,消极
5166294425142619,2025-05-14,11,北京,"不管是不是造谣,都要对个人言论负责,但它只能代表个人,但不建议跟球员和粉丝群体挂钩。",咕噜咕噜咕噜噜爬墙ing,m,其他,消极
5166294425142619,2025-05-14,5,湖北,"wb现在装傻了,这么坏的狗都不禁言,正能量的说句话就🈲七天",小枣树琳琳_165,m,湖北,积极
5166294425142619,2025-05-14,12,辽宁,"大赛前必作妖,《并不简单》",花小婲儿,f,澳门,积极
5166294425142619,2025-05-14,8,江苏,"希望把一切造谣的人都抓起来,受到应有的惩罚,那些起哄的一个也别放过。光禁言不行,要实际行动,收到法律的惩罚。让他们一个个张口就来,真的觉得打几个字就不用负责任了。必须惩治!!!!",Saree笑,f,江苏 南京,消极
5166294425142619,2025-05-14,1,内蒙古,"真是希望不懂球的胖子好好的,别出事儿《泪》《泪》",baizhuning,m,其他,消极
5166294425142619,2025-05-14,0,广东,是谁的球迷干的,半岛没有铁盒,f,广东 梅州,消极
5166294425142619,2025-05-14,8,广东,是的!这两年每次一到大赛就有内外联动在整我们队伍!看看那些转的故意在那云里雾里的好几个胖粉的大yx号,喜事常来乐开怀,m,其他,积极
5166294425142619,2025-05-14,5,山东,"刘国梁当之无愧的国家功臣,他的成就是把国乒带到了世界巅峰,让马龙,樊振东,王楚钦,孙颖莎几个名字响彻全世界《赞》《赞》《赞》",与己周旋已久丶,f,山东 济南,积极
5166294425142619,2025-05-14,3,广东,"这还不告他们,无法无天了",谭小主与豆哥,f,其他,积极
5166294425142619,2025-05-14,4,广东,国家严查,可爱biandou,f,广东 广州,消极
5166294425142619,2025-05-14,1,广西,"司马召之心,路人皆知。希望这事别影响到要比赛的运动员们。",一眼万年的小太阳,f,其他,消极
5166294425142619,2025-05-14,3,澳大利亚,"数字经济时代,自媒体造谣的成本太低。",幻影游动,f,海外,消极
5166294425142619,2025-05-14,3,广西,"刘国梁被黑得太惨了,应该严惩",薇薇半仙在江湖,f,广西 柳州,消极
5166294425142619,2025-05-14,4,广东,"现在的国兵.当他们为🇯🇵本人来整,真是悲哀,唉",Honglian47294,f,其他,消极
5166294425142619,2025-05-14,0,浙江,造谣全靠一张嘴《笑cry》《笑cry》太假了,财瑞霖,f,浙江 杭州,消极
5166294425142619,2025-05-14,0,吉林,"呵呵了,查啥呀,都是被台上的人默许的",吉祥头头头彩高照,f,其他,积极
5166294425142619,2025-05-14,0,湖北,到底是谁不希望自己国家运动员好啊......真是无语了,小鱼儿玥玥玥玥玥,f,湖北 武汉,消极
5166294425142619,2025-05-14,7,广东,一看就知道又是上海资本那帮人在作妖啊《doge》,深蓝乒乓体育,m,广东,积极
5166294425142619,2025-05-14,0,上海,丢人,麻薯嘎嘎,f,上海,消极
5166294425142619,2025-05-14,0,陕西,造谣的人穷三代,直播有一个,m,其他,消极
5166294425142619,2025-05-14,0,广东,"yy出来时,我也担心是不是我看错人了。现在又一次坚定,没有蓝底白字都不能有罪定论。",Sam哼,f,广东 广州,消极
5166294425142619,2025-05-14,0,上海,词条下造谣的账号能不能都抓起来!太可怕了,aLin野蠻生長,m,其他,消极
5166294425142619,2025-05-14,0,上海,没想到造谣能这么没脑子《允悲》《允悲》,aLin野蠻生長,m,其他,消极
5166294425142619,2025-05-14,1,广东,真的是很过分《衰》,熊猫萌萌崽,m,广东,消极
5166294425142619,2025-05-14,0,贵州,"中国乒协发声明了,纯属造谣",大王叫我来巡恩,m,贵州,消极
5166294425142619,2025-05-14,1,山东,图片评论,吃货肥牛,f,北京 东城区,积极
5166294425142619,2025-05-14,0,广西,"其实一句话就可以了,有证据就该举报,而不是写小作文。",西早番茄,f,广西 南宁,消极
5166294425142619,2025-05-14,0,北京,"马老师,国家拨的1个亿是给乒羽的,还是给乒乓球的?我怎么之前听说一个亿是给乒羽的?",用户5710633063,m,其他,消极
5166294425142619,2025-05-14,2,江苏,"梁儿肯定没什么问题,就是那个王中琪应该好好查查《doge》",猫的安乐窝,f,江苏 无锡,积极
5166294425142619,2025-05-14,1,天津,赶紧抓紧去吧 烦死了 应该报警,yeyesunny,f,天津 河西区,消极
5166294425142619,2025-05-14,0,上海,"几个大流量的博主传播的,还表面上看上和乒乓球一点关系都没有。《doge》",用户7979907423,f,其他,积极
5166294425142619,2025-05-14,0,江苏,"大家都不发这些,造谣乒乓不就没有热度了吗",甜腻红豆拉小提琴,f,江苏,消极
5166294425142619,2025-05-14,0,广西,"央妈又该开始清朗行动了,不打仗了老美的16亿又有的发了,太闲",铁汉蜜桃在撸猫,f,其他,积极
5166294425142619,2025-05-14,9,广西,"前阵子不是要闹着要求公开财报吗,公布了又看不懂没声了,这次又是闹哪样呢《doge》《doge》",用户7962349657,f,其他,积极
5166294425142619,2025-05-14,5,陕西,"哈哈,谣言止于智者,",用户7948175814,m,其他,积极
5166294425142619,2025-05-14,0,四川,又是贺之流在造谣生事!,用户7956385129,f,四川 达州,消极
5166294425142619,2025-05-14,1,北京,"造谣的应该抓起来,临上战场扰乱军心。那些跟风的也应该处置。",用户7969378269,m,其他,消极
5166294425142619,2025-05-14,0,贵州,"每逢大赛必作妖,都怀疑体育圈是不是混入了大量内奸?",用户7755527679,f,其他,消极
5166294425142619,2025-05-14,1,浙江,"让子弹飞一会,就知真假。",用户7971090708,m,浙江 宁波,积极
5166294425142619,2025-05-14,1,四川,"这些黑子这种搞法有点过分了 国际乒联马上选举 搞这些出来 ,现在又是大赛前,真正喜欢这项运动或是运动员的 谁不希望刘这次选举成功 在国际组织有话语权。真不得不怀疑是50w搞得了 不过写的这个金额更像短剧看多了的《允悲》",潇月_sun,f,四川 成都,消极
5166294425142619,2025-05-14,2,湖北,"樊圈总是想证明离了樊桶不行,每次大赛就整事,真尼玛恶心,不配为中国人",用户5692436852,m,广东 深圳,消极
5166294425142619,2025-05-14,0,安徽,"为什么要抹黑中国人,他们还是不是中国人,外国人都不会这么造谣,他们是有多想打垮中国人啊,这群人不除去怎么能让网络平静啊,其实他们都是有组织的黑机构",快乐的小龙虾ing,f,安徽 合肥,消极
5166294425142619,2025-05-14,8,广东,"某人到底出不出来打,他的粉丝一直到处造谣引战,骂完队友骂女队友,骂完骂教练,到底有没有人管管?无法无天了,既然已经不打了好好享受生活不好吗,球迷跟着去关注他不好吗,为啥要天天网暴造谣队友?",无比奇妙了吧,m,广东 广州,消极
5166294425142619,2025-05-14,3,四川,"抓,跟间d没两样,就这么见不得中国拿冠军吗?针对国家运动员的造谣能严惩吗?协会不去整个律师团啥的?别只有翻译呀",老苞谷,f,安徽,消极
5166294425142619,2025-05-14,2,广东,"真的要查什么人造谣啊,这是要毁国球啊,在短短的时间内我已经看到有人因为刘国梁的这个造谣,诋毁攻击国家队的主力了。大赛就要开始了,这时候扰乱军心。",茉莉公主的魔法世界,f,其他,消极
5166294425142619,2025-05-14,2,安徽,"造谣成本太低。希望国家出台相关法律法规,造谣加大处罚力度。",慢慢对对,f,安徽 芜湖,消极
5166294425142619,2025-05-14,3,广东,"那些无良的黑子,真不配不人了,更别说做中国人",亲亲PL,f,广东 广州,消极
5166333268335496,2025-05-14,93,福建,"夏日西湖金光穿洞,见者好事接踵,伴随 的歌曲《万物可爱》🎵,一起欣赏浮光跃金美景!",阳光耀眼--开心一博,f,其他,积极
5166333268335496,2025-05-14,100,海南," 王一博 的《万物可爱》真好听,还入选了2024年度优秀歌曲《鼓掌》",酷小孩的时光机,m,广东,积极
5166333268335496,2025-05-14,71,四川,"听 的《万物可爱》,一起看祖国美好风景!",是板栗酱啊,f,其他,积极
5166333268335496,2025-05-14,63,广东,"西湖限定版金光穿洞,伴随王一博的万物可爱,欣赏夏日西湖现金光穿洞美景!",王富贵的云云,m,广东,积极
5166333268335496,2025-05-14,57,河南,哇好美 王一博的《万物可爱》好好听,4晨晨吖_Yibo,f,河南,积极
5166333268335496,2025-05-14,42,湖南,王一博的《万物可爱》和祖国美景好适配《送花花》,-你说啥儿,f,湖南 衡阳,积极
5166333268335496,2025-05-14,47,广东,王一博的万物可爱特别好听💚,云卷涛飞,f,广东,积极
5166333268335496,2025-05-14,38,广东,好美好好听,Peaceful_ly,f,广东 佛山,积极
5166333268335496,2025-05-14,31,山东,万物可爱《比耶》,无论啥事都要记得爱自己,f,山东 青岛,积极
5166333268335496,2025-05-14,31,重庆,"听 的《万物可爱》,来打卡西湖美景!💚",54空谷幽兰,f,重庆 渝中区,积极
5166333268335496,2025-05-14,28,重庆,"听 的《万物可爱》,一起看祖国美好风景!",54空谷幽兰,f,重庆 渝中区,积极
5166333268335496,2025-05-14,26,上海,王一博的《万物可爱》和西湖美景好适配《送花花》《打call》《打call》,鸟眼向洋看世界,f,北京 海淀区,积极
5166333268335496,2025-05-14,27,广东,万物可爱 王一博💚,青梅不青,f,海外 澳大利亚,积极
5166333268335496,2025-05-14,29,江苏,听王一博的《万物可爱》打卡西湖美景!,万能女青年Neutrals,m,其他,积极
5166333268335496,2025-05-14,16,河南,"万物可爱,人间美好!《太开心》《太开心》《太开心》",史诗的日子_805,f,河南,积极
5166333268335496,2025-05-14,14,广东,万物可爱《666》《666》《666》生活也很可爱,1215thexiahtic-,f,广东 广州,积极
5166333268335496,2025-05-14,11,湖南,"美好风景,万物皆可爱 🍀",咖啡果然多,f,湖南,积极
5166333268335496,2025-05-14,12,上海,王一博的《万物可爱》和西湖美景好适配《送花花》《打call》《打call》《鲜花》,西岸云锦,m,其他,积极
5166333268335496,2025-05-14,5,广东,"听 的《万物可爱》,一起看祖国美好风景!",岁月跑在灵魂的前面,f,海外,积极
5166333268335496,2025-05-14,4,湖北,和王一博一起听万物可爱《开学季》,Y1Bo-0915,f,河南 洛阳,积极
5166333268335496,2025-05-14,2,广东,"听王一博的《万物可爱》,赏杭州西湖金光穿洞,仿佛置身于一幅美丽的画卷之中。💚💚💚",厚德载物TOP,f,广东 广州,积极
5166333268335496,2025-05-14,3,广东,"伴随王一博的《万物可爱》,赏杭州夏日西湖金光穿洞美景。💚💚💚",厚德载物TOP,f,广东 广州,积极
5166333268335496,2025-05-14,2,福建,伴随着 的《万物可爱》一起看祖国美好风景!💚,奶盖耶斯酷盖no,f,福建 三明,积极
5166333268335496,2025-05-14,2,广东,听王一博的《万物可爱》打卡西湖美景!,绿缘Queen,f,新疆 塔城,积极
5166333268335496,2025-05-14,2,北京,太美了~《打call》,散漫的霍普斯,f,北京,积极
5166333268335496,2025-05-14,2,北京,"听 《万物可爱》,赏西湖金光穿洞美景!《打call》",散漫的霍普斯,f,北京,积极
5166333268335496,2025-05-14,1,浙江,好美,海水益达,f,天津,积极
5166333268335496,2025-05-14,3,河南,的《万物可爱》超级好听《送花花》《送花花》,耶啵的甜筒,f,河南 开封,积极
5166333268335496,2025-05-14,3,上海,啊啊啊啊好好听 王一博歌声好好听,啵神爱摩托,m,海外 美国,积极
5166333268335496,2025-05-14,2,江苏,这也太美了《爱慕》《爱慕》《爱慕》,缓归201610,f,其他,积极
5166333268335496,2025-05-14,2,吉林,好好听的歌,地地88889,f,其他,积极
5166333268335496,2025-05-14,5,河南,听王一博《万物可爱》一起看西湖限定版金光穿洞《打call》,薄荷小甜筒_,f,其他,积极
5166333268335496,2025-05-14,1,吉林,晚安,别吵我在吃蝴蝶酥,f,吉林,积极
5166333268335496,2025-05-14,6,湖南,"听 的《万物可爱》,一起看祖国美好风景!",青衫烟雨故人似来,m,其他,积极
5166333268335496,2025-05-14,2,山东,  ,杜大头_9785,f,山东,积极
5166333268335496,2025-05-14,2,福建,可爱,弘凡王子,f,福建,积极
5166333268335496,2025-05-14,2,河南,"   宇宙山河浪漫,生活点滴温暖。万物可爱,人间美好!",史诗的日子_805,f,河南,积极
5166333268335496,2025-05-14,2,江苏,《万物可爱》王一博,想不到昵称85,f,其他,积极
5166333268335496,2025-05-14,1,北京,好美的景好听的歌💚,文一青念411,f,其他,积极
5166333268335496,2025-05-14,3,越南,💚💚💚💚💚,NBi_YiBo9785,f,海外 其他,消极
5166333268335496,2025-05-14,3,北京,万物可爱《送花花》💚,-博De满堂彩-,f,北京 朝阳区,积极
5166333268335496,2025-05-14,0,浙江,好美,人间在逃小憨包,f,其他,积极
5166333268335496,2025-05-14,0,江苏,晚安,G因为是你G,f,其他,积极
5166333268335496,2025-05-14,0,天津,《抱一抱》,黎曦吖y,f,其他,积极
5166333268335496,2025-05-14,0,上海,《给力》,啵啵小括弧666,m,上海,积极
5166333268335496,2025-05-14,0,山东,王一博的《万物可爱》配美景绝配,酷盖的事少管,f,山东 聊城,积极
5166333268335496,2025-05-14,0,陕西," 听 万物可爱,赏杭州夏日西湖美景!💚",YoYo_xjtu,f,陕西 西安,积极
5166333268335496,2025-05-14,0,湖北,王一博万物可爱💚,海盐shy,f,湖北,积极
5166333268335496,2025-05-14,0,江苏,"听 的《万物可爱》,看可爱的万物💚",kekemusi在唱歌,f,江苏,积极
5166333268335496,2025-05-14,0,浙江,好梦,暮鼓依晨钟,m,浙江 嘉兴,积极
5166333268335496,2025-05-14,0,广东," wyb 伴随 的《万物可爱》,一起来看西湖限定版金光穿洞!",绿缘Queen,f,新疆 塔城,积极
5166333268335496,2025-05-14,0,上海,美景配好歌《哇》,Reborn_Unknown,f,其他,积极
5166333268335496,2025-05-14,1,江苏,"听 的《万物可爱》,一起看祖国美好风景!",权心权意85,f,江苏 苏州,积极
5166333268335496,2025-05-14,1,河南,好美《心》,葵藿倾阳711,f,其他,积极
5166333268335496,2025-05-14,1,河南,好美,菟王牌,m,河南,积极
5166333268335496,2025-05-14,1,广东, ,柯霖吴,f,广东,积极
5166333268335496,2025-05-14,2,广东,哇《鼓掌》,-冰糖枝枝-,f,其他,积极
5166333268335496,2025-05-14,0,江西,好好听,喃博丸9785,f,其他,积极
5166333268335496,2025-05-14,0,广东,好美《good》,偏爱啵宝的心永恒,f,其他,积极
5166333268335496,2025-05-14,0,上海,"太美了! 听 的《万物可爱》,一起看祖国美好风景!",旅行中的安娜,f,其他,积极
5166333268335496,2025-05-14,0,广东,王一博《万物可爱》💚每个人都是可爱的旁观者!,许我四季皆安,m,广东,积极
5166333268335496,2025-05-14,0,江苏,"王一博 的《万物可爱》真好听,还入选了2024年度优秀歌曲《鼓掌》《哇》《哇》",甜甜的椰奶啵仔糕,f,河南 濮阳,积极
5166333268335496,2025-05-14,0,上海,"太美了! 听 的《万物可爱》,一起看祖国美好风景!",旅行中的安娜,f,其他,积极
5166333268335496,2025-05-14,0,美国,万物可爱,我火乐火乐,m,其他,积极
5166333268335496,2025-05-14,0,上海,"伴随 歌声,欣赏西湖美景",荧荧的微光,f,上海,积极
5166333268335496,2025-05-14,0,广东,果然《万物可爱》《打call》,骂我你担变糊逼,f,其他,积极
5166333268335496,2025-05-14,0,上海,《送花花》《送花花》《送花花》太好看了,西柚味暧昧,m,其他,积极
5166333268335496,2025-05-14,0,江苏,好美,若如丶向日葵般幸福丨,f,江苏 宿迁,积极
5166333268335496,2025-05-14,0,江西,好美啊《鲜花》,万物可爱的旁观者2,f,其他,积极
5166333268335496,2025-05-14,0,上海,好美,绝绝紫紫,m,上海 徐汇区,积极
5166333268335496,2025-05-14,0,河南,好美,单纯榴莲酥吃蛋挞,f,其他,积极
5166333268335496,2025-05-14,0,河南,"歌美,景也美",用户7748238649,f,其他,积极
5166333268335496,2025-05-14,0,湖南," 美好风景,万物皆可爱 🍀",守望若来,f,其他,积极
5166333268335496,2025-05-14,0,广西,"万物可爱,好听好听《打call》",博若来85,f,广西,积极
5166333268335496,2025-05-14,0,安徽,《赞》《赞》《赞》,没事儿别扒拉猫,f,安徽,积极
5166333268335496,2025-05-14,0,江苏,听《万物可爱》了《哈哈》,闪烁着耀眼的光芒,f,江苏 常州,积极
5166333268335496,2025-05-14,0,山东,王一博的《万物可爱》和西湖美景好适配《送花花》,绿油油的麦田呀,f,其他,积极
5166333268335496,2025-05-14,0,黑龙江,万物可爱《打call》,一醉南,m,四川,积极
5166333268335496,2025-05-14,0,浙江,王一博的《万物可爱》和西湖美景好适配《送花花》《打call》《打call》,天天开心快乐1972,f,其他,积极
5166333268335496,2025-05-14,0,山西,《哇》《哇》《哇》,_绿色海洋_,m,其他,积极
5166333268335496,2025-05-14,0,上海,晚安,爱睡觉的娘亲,f,上海,积极
5166333268335496,2025-05-14,2,上海,"夏日西湖金光穿洞,见者好事接踵,伴随王一博 的歌曲《万物可爱》🎵,一起欣赏浮光跃金美景!",啵神爱摩托,m,海外 美国,积极
5166333268335496,2025-05-14,1,四川,王一博的万物可爱《打call》,啵啵8597号,m,其他,积极
5166333268335496,2025-05-14,1,福建,所有人晚安好梦《抱一抱》,想吃锅包肉和博博,f,其他,积极
5166333268335496,2025-05-14,2,广西,从底下钻过去能穿越吗,柏小宝欧气吸四海,f,广西,积极
5166333268335496,2025-05-14,0,广东,《打call》,晚风像你202311,m,其他,积极
5166333268335496,2025-05-14,0,山西,《哇》《哇》《哇》,啵啵奶盖小猪崽,f,山西,积极
5166333268335496,2025-05-14,0,云南,《送花花》,棉花糖bobo啵,f,其他,积极
5166333268335496,2025-05-14,0,浙江,"人和人如何区别几零后?是年幼,或是很成熟。淤泥下终于长出了莲藕,请莲花,莫回首。 我爱初春也会爱深秋,我爱青丝也会爱白头。 我爱新鲜也会爱陈旧,我爱梦醒也会爱梦游。 我爱重逢的人紧紧不撒手,我爱昙花一现的所有~《心》",狸猫女子,f,浙江 杭州,积极
5166333268335496,2025-05-14,0,浙江,《打call》《打call》,CandyJ-,f,浙江,积极
5166333268335496,2025-05-14,0,四川,"伴随 的歌曲《万物可爱》🎵,一起欣赏浮光跃金美景!《打call》《打call》《打call》",随机在线丨0905,f,四川,积极
5166333268335496,2025-05-14,0,广西,好美哦,一波王炸的黑豹,f,四川,积极
5166333268335496,2025-05-14,1,福建,大美中国《good》《good》《good》,博叽而来,f,其他,积极
5166333268335496,2025-05-14,0,河南,好美,能有多大点事啊,f,河南 郑州,积极
5166333268335496,2025-05-14,0,宁夏,跟随,暱稱就是個符號,f,宁夏 银川,积极
5166333268335496,2025-05-14,0,河南,太美了,海哥钱眼微博,f,河南,积极
5166333268335496,2025-05-14,0,山西,好美!,momoda哒,m,其他,积极
5166333268335496,2025-05-14,0,山东,接好运啦,呆萌水珍珠爱互动,f,其他,积极
5166333268335496,2025-05-14,0,陕西,好漂亮,碳水教忠实爱好者,f,其他,积极
5166333268335496,2025-05-14,1,北京,好美呀《爱慕》,二月是幸运月,f,其他,积极
5166333268335496,2025-05-14,2,广东,好美《心》,废话输出机器00,f,其他,积极
5166333268335496,2025-05-14,0,江苏,打卡,n多miss,m,四川,积极
5166333268335496,2025-05-14,6,北京,"王一博的万物可爱真好听,怪不得获奖了呢",Happy-猫猫酱,m,其他,积极
5166333268335496,2025-05-14,0,浙江,西湖美,山里人家的味道,f,浙江 丽水,积极
5166333268335496,2025-05-14,0,安徽,接好运《打call》,蓝桉长在栈桥边,f,其他,积极
5166333268335496,2025-05-14,0,安徽,接好运《哈哈》,蓝桉长在栈桥边,f,其他,积极
5166333268335496,2025-05-14,0,安徽,好听,9785酷盖很可爱,f,其他,积极
5166333268335496,2025-05-14,1,河北,好好听,正当季的冰激凌,f,其他,积极
5166333268335496,2025-05-14,1,湖北,美,Green-竹叶青青,m,湖北 武汉,积极
5166333268335496,2025-05-14,0,四川, 伴着王一博的万物可爱赏西湖限定版金光穿洞,我们-如此甚好,m,其他,积极
5166333268335496,2025-05-14,2,江苏,"听 的《万物可爱》,一起看祖国美好风景!💚",85wyb_平安喜乐,f,新疆,积极
5166333268335496,2025-05-14,3,安徽,"听 的《万物可爱》,一起看祖国美好风景!",福星王一博2,f,其他,积极
5163758054279070,2025-05-07,527,湖北,"说清楚,是孩子爱看还是爸爸爱看,《打call》",l224l224,m,北京 东城区,积极
5163758054279070,2025-05-07,119,广东,"这欢乐谷好啊,这欢乐谷得去啊",爱喵的肉垫君,m,天津,积极
5163758054279070,2025-05-08,22,广东,爸爸,羊咩黛,f,广东 深圳,消极
5163758054279070,2025-05-07,235,广东,"文案错了吧 应该是:据说好多孩子爸爸看了这个视频之后,都哭着要去深圳欢乐谷,最后孩子只好陪着他们爸爸去了。",岁月v你别催,m,其他,消极
5163758054279070,2025-05-07,163,海南,"今年5岁零300多个月,想去《笑cry》",普通得如你所见,m,其他,消极
5163758054279070,2025-05-07,17,天津,没有孩子咋办《怒》,巴索罗缪·熊猫,m,其他,消极
5163758054279070,2025-05-07,72,上海,"腿们,这兄弟我是真喜欢!",MaybeGL-,m,上海,积极
5163758054279070,2025-05-07,17,广东,"3分钟,我要她的全部信息《doge》",芥末猛犸,m,陕西,积极
5163758054279070,2025-05-07,14,江苏,都爱看《笑而不语》,一骑当千关云长,m,其他,积极
5163758054279070,2025-05-07,8,广东,"其实孩子妈妈也爱看,有其它的《doge》《doge》《doge》",滚滚猛豹,m,广东,积极
5163758054279070,2025-05-08,7,浙江,老头看了也想去《嘻嘻》,挖地瓜的超级鹿鼎公,m,浙江,积极
5163758054279070,2025-05-07,2,上海,这得多高啊?《哆啦a梦吃惊》,给茂师傅来杯拿铁,m,上海 杨浦区,积极
5163758054279070,2025-05-08,3,浙江,"所以下次我来 ,你要安排好《doge》",徐记观察,m,浙江 杭州,积极
5163758054279070,2025-05-07,4,江西,问题是去了也然并卵啊《笑而不语》,派眔星,m,江西,积极
5163758054279070,2025-05-08,3,湖北,"不懂就问,她是谁啊",假球迷吃烤鱼,m,湖北 武汉,积极
5163758054279070,2025-05-07,9,江苏,"相信我,你在现场看的没有网上视频看的清晰",aotexin,m,其他,消极
5163758054279070,2025-05-08,2,北京,"这不错,棒子味不那么重,长得也好看,自然。",新蜜蜂alex182,m,北京,积极
5163758054279070,2025-05-08,11,上海,黄奕波看了也说想去深圳欢乐谷《doge》《doge》《doge》,不是毒奶色我是专业解说黄旭东,m,上海,积极
5163758054279070,2025-05-07,9,广东,"孩子捂着通红的手臂说:是的,爸爸没掐我,是我自己哭着说要去的《泪》",纸扇子606,m,其他,消极
5163758054279070,2025-05-07,0,广东,以前长隆的南希?,爱玩烂胶的71693,m,其他,积极
5163758054279070,2025-05-07,10,北京,模仿王心凌的,一枚在家人,m,云南 昆明,积极
5163758054279070,2025-05-07,8,天津,"其实妈妈也能带着看,不用爸爸也行",晴空万里13142013,f,北京 丰台区,积极
5163758054279070,2025-05-07,7,广西,是爸爸哭着求孩子让他带去吧《阴险》,wow芝士焗番薯,f,海外,积极
5163758054279070,2025-05-07,260,广东,我也要看,啃书的狸狸,m,湖南,消极
5163758054279070,2025-05-07,2,重庆,对啊对啊!我家孩子超喜欢的《doge》《doge》《doge》,草心郎,m,重庆 渝中区,积极
5163758054279070,2025-05-08,3,山东,"既然孩子想看,那也没办法了《doge》",Leader--Shaun,m,山东 青岛,积极
5163758054279070,2025-05-08,1,广东,"啊,马上让老爸带我去看演唱会!",游侠Xiaopeng,m,广东,积极
5163758054279070,2025-05-08,2,江苏,把你孩子借来用一下《doge》,本团永不认输,m,其他,积极
5163758054279070,2025-05-08,1,山东,谁?!,9品带刀护卫,m,其他,消极
5163758054279070,2025-05-07,1,广东,我去看看都有哪些孩子!《怒》,De_紫醉金迷,m,广东 佛山,消极
5163758054279070,2025-05-08,2,江西,腿精《good》,如意湖莽子,m,其他,积极
5163758054279070,2025-05-08,1,广西,"真是,身上要什么有什么啊《打call》《打call》《打call》",楼梯山车神,m,其他,积极
5163758054279070,2025-05-08,0,江苏,这谁啊,龍昜土羊,m,其他,消极
5163758054279070,2025-05-08,0,河南,看着像南音《春游家族》,Simeper7,f,河南,积极
5163758054279070,2025-05-08,1,浙江,"你就说实话你自己想看,别撒谎说别人想看《怒》",戚英明-四气真理,m,浙江,消极
5163758054279070,2025-05-08,1,江苏,他爸想去的吧!《坏笑》,过春风十里花香,m,江苏,积极
5163758054279070,2025-05-07,1,广东,"我家孩子已经在哭闹了,这周就去《怒》",需要改变的小明同学,m,广东 东莞,消极
5163758054279070,2025-05-07,1,广东,哎?我们关注同样的up吗?南音跳舞的确好看,Gerd杨,m,广东,积极
5163758054279070,2025-05-08,2,广东,我tm40岁的孩子也爱看《doge》《doge》,老司机D叶师傅,m,广东,积极
5163758054279070,2025-05-08,1,贵州,"我才五岁零285个月,为什么没人带我去《怒》",战台湾,m,贵州,消极
5163758054279070,2025-05-08,0,江苏,是王心凌吗,吃了那颗草莓,f,江苏,积极
5163758054279070,2025-05-08,0,天津," 应该是孩子爸爸寻死觅活的非要去,别人只能陪着去,避免把人丢了!《汗》《心》《给你小心心》 模仿王心凌的 文案错了吧 应该是:据说好多孩子爸爸看了这个视频之后,都哭着要去深圳欢乐谷,最后孩子只好陪着他们爸爸去了。",墨凹杨左使,m,天津,消极
5163758054279070,2025-05-08,0,浙江,欢乐谷好啊!欢乐谷得去啊!,边山翁,m,浙江 杭州,积极
5163758054279070,2025-05-07,0,河南,雀食想去《doge》,七分半梅肯,m,北京,积极
5163758054279070,2025-05-08,2,天津,"有二说二,欢乐谷的巡游跟演出雀食不错",陪你去看流星捶,m,天津 河西区,积极
5163758054279070,2025-05-09,1,重庆,指路《二哈》b站:nancy南音,撒西不理的命,f,重庆,积极
5163758054279070,2025-05-08,1,浙江,南音是真好看《爱你》,无缘祁荒,m,浙江,积极
5163758054279070,2025-05-07,1,四川,我家孩子不想去我也得带她去《doge》,西喔i,m,四川 成都,消极
5163758054279070,2025-05-09,1,广东,《二哈》好看多发点,哈密瓜里的小芝麻,m,广东,积极
5163758054279070,2025-05-09,0,山东,这是谁啊 好长腿,中环三太子,m,其他,积极
5163758054279070,2025-05-09,0,湖北,"喜欢们,这腿是我真兄弟",该昵称已经被使用_2,m,其他,积极
5163758054279070,2025-05-09,0,上海,"这个在字母站叫nancy南音,然后旁边还有一个叫hii嘉嘉,都很好看",我带个扳手很合理吧,m,上海 普陀区,积极
5163758054279070,2025-05-09,0,浙江,"妈呀,这太适合我带我儿去看了《鼓掌》《鼓掌》《鼓掌》",漂泊航行,m,上海 虹口区,积极
5163758054279070,2025-05-09,0,河南,不是王心凌吧,大侠不会武功啦,m,其他,积极
5163758054279070,2025-05-09,0,广东,只在太符合我口味了,超高校级的爆仓玩家,m,其他,积极
5163758054279070,2025-05-08,0,陕西,孩子是被打哭的吧《doge》,方砖叔38098,m,其他,积极
5163758054279070,2025-05-08,0,广东,"欣赏不来《doge》。非基佬。只能说,我不喜欢看人跳舞",春日载阳一点红,m,其他,积极
5163758054279070,2025-05-08,0,安徽,好漂亮《彩虹屁》,落日下的乌龙茶,f,江苏 南京,积极
5163758054279070,2025-05-08,1,江西,缺一个义子 赶紧来,菲尼克斯Jo,m,其他,积极
5163758054279070,2025-05-08,1,广东,"我是爸爸,为了孩子我打都打倒他去。",轮胎散修浔峰車士,m,广东,消极
5163758054279070,2025-05-08,0,辽宁,"这个姑娘是谁,很有名吗?",您好您好您好呀,m,其他,积极
5163758054279070,2025-05-08,0,浙江,也就那样《doge》,丶BellaLuna31064,m,其他,积极
5163758054279070,2025-05-08,0,四川,《哆啦a梦吃惊》,知心海豚音符,m,四川,积极
5163758054279070,2025-05-08,0,云南,谁借个想看的孩子给我。,满身尘土唉,m,其他,消极
5163758054279070,2025-05-08,0,广东,"男人至死是少年,谁还不是个孩子《doge》",在梦与现实之间,m,广东 广州,积极
5163758054279070,2025-05-08,0,江苏,评论区笑死人《笑cry》,a圈少_事少挺好,m,江苏,积极
5163758054279070,2025-05-08,0,广东,爸爸都哭着想去《doge》,茂贤-KonG,m,广东 东莞,消极
5163758054279070,2025-05-08,0,山东,"我才刚满十岁,没有二十年,可以去看吗?",小马迷途1995,m,山东 青岛,积极
5163758054279070,2025-05-08,0,重庆,《允悲》,重庆醉了,f,北京 东城区,消极
5163758054279070,2025-05-08,0,北京,孩子真的爱看!!,小小莹的奶爸,m,河南 郑州,积极
5163758054279070,2025-05-08,1,广东,还好楼上就能看到《嘻嘻》《嘻嘻》《嘻嘻》,DukeLam,m,广东 深圳,积极
5163758054279070,2025-05-08,0,广东,"为了让孩子有正确审美观。应该带去看看的,就不劳烦妈妈了。",风暴探歌,m,广东,积极
5163758054279070,2025-05-08,0,河南,香气蓬勃,清风定有期,m,北京 东城区,积极
5163758054279070,2025-05-08,0,北京,我家儿子也想去,缁衣御笔候,m,北京 海淀区,消极
5163758054279070,2025-05-08,0,山东,"我都不意思说你,你那是馋人家的身子!《doge》",月影清寒就是俺,m,山东 聊城,积极
5163758054279070,2025-05-08,0,北京,抖x搜南音,i米米熊,m,北京 朝阳区,积极
5163758054279070,2025-05-08,0,上海,我也想去,朋友圈潇洒哥,m,上海 黄浦区,消极
5163758054279070,2025-05-08,0,广西,欢乐谷是吧?我家娃娃想去,大石头二代目,m,其他,积极
5163758054279070,2025-05-08,0,陕西,500个月大的孩子也是孩子《doge》,微尘玄光,m,陕西 宝鸡,积极
5163758054279070,2025-05-08,0,广东,我那未出生的孩子也想看《doge》,益州坐谈客,m,广东,消极
5163758054279070,2025-05-08,0,山东,第一眼还以为是王心凌《苦涩》。《笑而不语》,冷鼻头,m,山东 威海,积极
5163758054279070,2025-05-08,0,广东,《哈哈》,sunshine--_WV4,f,湖北 咸宁,积极
5163758054279070,2025-05-08,0,广东,爸爸打哭的是吧《doge》,方邡埅想Peach,m,湖南,积极
5163758054279070,2025-05-08,0,四川,懂了,考磐在涧2019,m,四川,积极
5163758054279070,2025-05-08,0,内蒙古,真是好腿,冬瓜5997495037,m,内蒙古,积极
5163758054279070,2025-05-08,0,浙江,我没孩子。我也爱看咋办,清风与酒客栈,m,浙江,积极
5163758054279070,2025-05-08,0,北京,孩子爸爸是不是五六十岁了,广达来了,m,北京 朝阳区,积极
5163758054279070,2025-05-08,0,广东,所以这小妞有微博吗《doge》,孤独的风中一只鸟,m,广西,积极
5163758054279070,2025-05-08,0,江苏,好像王心凌啊《舔屏》,李飞刀到了,m,宁夏 石嘴山,积极
5163758054279070,2025-05-08,0,山西,必须得带儿子去看,茶样年华_998,m,山西,消极
5163758054279070,2025-05-08,0,江苏,我也想去看,天空D颜色,m,江苏 无锡,积极
5163758054279070,2025-05-08,0,河北,不想去的孩子都被父亲打哭了《doge》《允悲》《笑cry》,我兔我民,m,河北 保定,消极
5163758054279070,2025-05-08,0,湖北,是欢乐谷的活动?,喜欢喝咖啡yy,f,其他,积极
5163758054279070,2025-05-08,0,浙江,《good》《good》《good》,用户7581724015,m,其他,积极
5163758054279070,2025-05-08,0,广东,二十年前去欢乐谷可没见有这样的啊,清浊高低各有归,m,广东 深圳,消极
5163758054279070,2025-05-08,0,广西,这谁?,hang_066,m,广西,消极
5163758054279070,2025-05-08,0,广东,想看《doge》,GEIST_SEELE,m,广东,积极
5163758054279070,2025-05-08,0,广东,爸爸去了《哈哈》,风城玫瑰ALG,m,广东,积极
5163758054279070,2025-05-08,0,山东,谁借我个孩子用用《doge》,开门见山___,m,山东 济南,积极
5163758054279070,2025-05-08,0,江苏,"我是孩子我爱看,我为孩子发生《doge》《doge》《doge》《doge》",Mercurio_W,m,浙江 杭州,积极
5163758054279070,2025-05-08,0,吉林,还得是老章《doge》,雷打不动我的肉,m,吉林 长春,积极
5163758054279070,2025-05-08,1,陕西,真腿,挚爱Nick,m,其他,积极
5163758054279070,2025-05-08,0,广东,孩子:爸爸你为什么老是揪我?,税王今天加税了吗,m,其他,消极
5163758054279070,2025-05-08,0,安徽,打哭的吗《怒》,老八57,m,其他,消极
5163758054279070,2025-05-07,0,四川,"我想去,我不会让孩子当挡箭牌《吃瓜》",吔堡的堡哥,m,其他,积极
5163758054279070,2025-05-07,0,湖北,"你说反了,是看了这个视频之后,很多爸爸都哭着让孩子事实他们去深圳欢乐谷,最好孩子只好带着爸爸去了",胡门打狗棒,m,湖北 武汉,消极
5163758054279070,2025-05-07,0,浙江,孩子不哭的话孩子他爸也要打得他哭《挖鼻》《笑cry》,飞向人马座的东东,m,浙江 杭州,消极
5163758054279070,2025-05-07,1,北京,编舞挺水的,天天向上-寒江雪,m,其他,积极
5163758054279070,2025-05-07,0,福建,"虽然我没有儿子,但是我有爸爸阿,我也要去《色》《色》《色》",转弯会笑,m,福建 厦门,消极
5163758054279070,2025-05-07,0,广东,孩子是被老爸捏哭的吧《doge》,犹大就是鱿鱼,f,广东 东莞,消极
5163758054279070,2025-05-07,0,北京,"""我有个孩子""",石上雪松,f,北京,积极
5163758054279070,2025-05-07,0,四川,我家孩子想去!必须去!,混微博要慎言慎行别被夹,m,四川 成都,消极
5163758054279070,2025-05-07,0,山西,妈妈也爱看《doge》《doge》《doge》,盛世东唐,f,山西,积极
5163758054279070,2025-05-07,0,广东,"作为两个孩子的爹,我有发言权。他们真喜欢看《二哈》",卖铝板的大叔,m,广东,积极
5163758054279070,2025-05-07,0,重庆,新女团了吗?以前看的那几个都不在了呀,sd4817599,m,重庆 渝中区,积极
5163758054279070,2025-05-07,0,北京,《笑cry》说的是你的孩子吧?,化繁为简622,m,北京 海淀区,积极
5163758054279070,2025-05-07,0,北京,我也是个孩子《阴险》,新年决定换头像,m,北京,积极
5163758054279070,2025-05-07,0,上海,"孩子们的审美,应该被""二次元""重新定义了。",苏达水,m,上海 宝山区,积极
5163758054279070,2025-05-07,0,河南,是孩子爸爸要去看吧?,奇茗之冠天下,f,其他,积极
5163758054279070,2025-05-07,0,福建,让孩子他妈一起去。,我就是我163,m,福建,积极
5163758054279070,2025-05-07,0,云南,在哪可以看到完整版的,彩票中了3亿,m,其他,积极
5163758054279070,2025-05-07,0,广东,爸爸哭还是孩子哭《笑cry》,kstlst2012,m,广东 广州,消极
5163758054279070,2025-05-07,0,天津,孩子哭着都拦不住,快乐的小土蛋,m,天津 河西区,消极
5163758054279070,2025-05-07,0,福建,这腿🦵很有力量美感。,冲凉也冲浪,m,其他,积极
5163758054279070,2025-05-07,0,广东,萤火虫漫展400w绿帽男事件比这更精彩,脚踢走狗,m,其他,积极
5163758054279070,2025-05-09,0,福建,好漂亮,哆啦A梦的梦o0,f,福建,积极
5163758054279070,2025-05-09,1,广东,南音又火了呀,彩笔打开1的幽灵,m,广东,积极
5163758054279070,2025-05-09,0,上海,以前长隆那位?有点像啊,Honey右右右酱,m,上海 浦东新区,积极
5163758054279070,2025-05-09,0,广西,"我觉得主要是孩子想看,爸爸实在不想去,《doge》《doge》《doge》《嘻嘻》",财童话镇里的大灰狼,m,广西 南宁,积极
5163758054279070,2025-05-08,0,江苏,《阴险》《阴险》,范雎,m,江苏,积极
5163758054279070,2025-05-08,0,北京,原唱是谁呢,陆陆不吃肉,m,北京 西城区,积极
5163758054279070,2025-05-08,0,广东,高价收个儿子,幻視藥劑,f,广东,消极
5163758054279070,2025-05-08,0,广东,《doge》,木子心恒_高机动型武装,m,广东 广州,积极
5163758054279070,2025-05-08,0,江苏,没有孩子怎么去?,父子光影,m,江苏 南京,消极
5163758054279070,2025-05-08,0,广西,毕竟爸爸曾经也是孩子《吃瓜》,搓大弟,m,广西,积极
5163758054279070,2025-05-08,0,山西,这个确实好看,pick-蘑菇记,m,山西,积极
5163758054279070,2025-05-08,3,湖南,这是王心凌?,顶一句就拉黑说明你已经理亏了,m,四川 宜宾,积极
5163758054279070,2025-05-09,1,海南,"我先去帮我未来的孩子探探路,把把关,没问题吧?",月儿等了个秋,m,其他,积极
5163758054279070,2025-05-08,3,四川,这头身比例真牛逼,摸鱼海言,f,四川,积极
5163758054279070,2025-05-14,0,天津,哪的欢乐谷,用户7934583272,m,其他,积极
5163758054279070,2025-05-12,0,陕西,永劫(情趣)无间的皮肤确实瑟《二哈》《二哈》《二哈》,信仰之域,m,陕西,积极
5163758054279070,2025-05-11,0,广东,之前在广州长隆欢乐世界看过真人《doge》《doge》,吃两口就行啦,m,广东,积极
5163758054279070,2025-05-09,0,澳大利亚,这妹子叫啥,想飞的小猪_ax,m,广东 广州,积极
5163758054279070,2025-05-09,1,江苏,我还以为王心凌四十多岁那么离谱《允悲》暂停一看原来不是,我不是药神印度DG,f,上海,积极
5163758054279070,2025-05-09,0,中国香港,mk,杨光_要给力,m,香港 中西区,积极
5163758054279070,2025-05-09,0,甘肃,《悲伤》没孩子也想去,木子已飞丶,m,甘肃 酒泉,消极
5163758054279070,2025-05-09,0,黑龙江,"这腿啊,真的,孩子可真是太爱看了",紫玉涵梅的鹰,m,其他,积极
5163758054279070,2025-05-09,0,江苏,哇 你带我去的是假的欢乐谷吗?,我永远喜欢雪之下雪乃,f,江苏 镇江,积极
5163758054279070,2025-05-09,0,江苏,哇 你带我去了一个家的欢乐谷?,我永远喜欢雪之下雪乃,f,江苏 镇江,积极
5163758054279070,2025-05-09,0,江苏,爱看!,西瓜吃吗,m,江苏 苏州,积极
5163758054279070,2025-05-09,0,浙江,她还是好甜好漂亮啊《憧憬》,金毛症候群,m,浙江,积极
5163758054279070,2025-05-09,0,上海,学学啊《doge》,taofaqi2016,m,上海,积极
5163758054279070,2025-05-09,0,江苏,谁跳的啊 你音乐节呢?,刘总一路向前,f,其他,积极
5163758054279070,2025-05-09,1,河南,"错误的,应该是爸爸看了之后拉孩子去欢乐谷",流汗豇豆,m,北京,积极
5163758054279070,2025-05-09,0,广东,《doge》,开启气囊,f,广东,积极
5163758054279070,2025-05-09,0,湖北,这是南音吗?,今天你单词背了吗,m,湖北,积极
5163758054279070,2025-05-09,0,山东,《打call》,四羊同康,m,山东 潍坊,积极
5163758054279070,2025-05-09,0,江苏,《允悲》,潇大大他大哥,m,江苏,消极
5163758054279070,2025-05-09,0,福建,怎么有点过气女团再就业内味儿,YA-MEI-SONG,f,福建,积极
5163758054279070,2025-05-09,0,江苏,《心》,Haleyuan的喵,m,北京,消极
5163758054279070,2025-05-08,0,上海,西施?,银狐之舞,f,上海,积极
5163758054279070,2025-05-08,0,江苏,可怜天下父母心《喵喵》,trash3,m,江苏 南通,积极
5163758054279070,2025-05-08,0,北京,"不是王心凌,比王心凌年轻苗条,模仿得很像",我就试试能不能,m,其他,积极
5163758054279070,2025-05-08,1,重庆,"漂亮呀,孩子妈也爱看《允悲》",打猩猩的狐狸,m,其他,积极
5163758054279070,2025-05-08,0,上海,好几亿的孩子是吧?,炸毛张666,m,上海,消极
5163758054279070,2025-05-08,0,广东,"儿子想看吗,爸爸带你去",Bobaboboboby,m,海外 澳大利亚,积极
5163758054279070,2025-05-08,0,北京,《思考》,yemenese,m,北京,消极
5163758054279070,2025-05-08,0,浙江,漂亮。,阿田6677,m,浙江,积极
5163758054279070,2025-05-08,0,广东,《doge》,仕奇同学,m,其他,积极
5163758054279070,2025-05-08,0,广东,孩子不是被爸爸打骂的?《汗》,HPL鹏,m,广东 深圳,消极
5163758054279070,2025-05-08,1,广东,好 十一带儿子去欢乐谷!《太开心》,刀疤浩乂,m,广东 汕头,积极
5163758054279070,2025-05-08,0,福建,是爸爸想去还是孩子想去《doge》,Kevin张月爻,m,其他,积极
5163758054279070,2025-05-08,0,山西,"这歌真白啊,,不是,这腿真好听啊",摸鱼罗伯特丶,m,其他,积极
5163758054279070,2025-05-08,0,北京,"孩子爸爸们,受苦啦!《嘻嘻》《嘻嘻》《嘻嘻》",明天呀偷猫肉,m,其他,积极
5163758054279070,2025-05-08,0,河北,是不是爸爸带着爷爷去看到《允悲》,用户7578870360,m,其他,积极
5163758054279070,2025-05-08,0,江苏,《泪》《泪》是我小时候记忆里的样子,洋芋被咬了一口,m,江苏 常州,消极
5163758054279070,2025-05-08,0,河南,宝宝托梦给我说他想看这个,木易王京,m,河南 洛阳,积极
5163758054279070,2025-05-08,0,浙江,没有孩子能去吗?,Po-Indirubin,m,浙江 杭州,消极
5163758054279070,2025-05-08,0,上海,上海欢乐谷是假的吗???,心态爆炸的孜然卷,m,上海 静安区,积极
5163758054279070,2025-05-08,0,北京,然后节目就被取缔了《嘻嘻》,Burzenland,m,北京 东城区,积极
5163758054279070,2025-05-08,0,陕西,漂亮女孩子跳舞确实是极强的先进生产力,大牛爱爸爸,m,陕西 西安,积极
5163758054279070,2025-05-08,0,江苏,10w起,谁家的李大爷,f,浙江 宁波,积极
5163758054279070,2025-05-08,0,浙江,可爱《鲜花》《鲜花》《鲜花》《666》《666》《666》,过来过去来也,m,浙江 杭州,积极
5163758054279070,2025-05-08,0,安徽,比例好棒,biubiubiu击毙,f,安徽 合肥,积极
5163758054279070,2025-05-08,0,云南,王心凌?!,风起长明,m,其他,消极
5163758054279070,2025-05-08,0,河北,都爱看《怒》,星尘克斯,m,河北 石家庄,消极
5163758054279070,2025-05-08,1,云南,"我去年国庆带孩子去了,没看到",清风乱翻,m,云南 昆明,消极
5163758054279070,2025-05-08,0,广东,带我去,__人类不宜飞行,f,四川 成都,积极
5163758054279070,2025-05-08,0,北京,"完了,我闺女没哭《黑线》怎么去啊",不爱喝咖啡爱喝茶,m,海外,消极
5163758054279070,2025-05-08,0,新加坡,"看了一下b站原视频,的确都是台下小孩的叫声",StanLee888,m,江苏 苏州,积极
5163758054279070,2025-05-08,0,广东,"好的,等孩子下课给他看看,让他哭哭,我马上带他去,父爱如山啊。",奥特曼的臭爸爸,m,广东 广州,积极
5163758054279070,2025-05-08,0,广东,慈父《doge》,易2妍,m,广东 佛山,积极
5163758054279070,2025-05-08,1,安徽,"上岁数后,男人要呵护自己的好色之心,对女色贪恋的感觉。麻木绝不是好事无感",旭东plus,m,其他,积极
5163758054279070,2025-05-08,0,山东,爸爸含泪买了包年会员,骑着电动去旅行,m,山东 济南,积极
5163758054279070,2025-05-08,0,湖南,节目是每周都有吗《羞嗒嗒》《羞嗒嗒》《羞嗒嗒》,不到135不改昵称,m,湖南 长沙,积极
5163758054279070,2025-05-08,0,北京,爸爸是哭着去的吧《doge》,KernelChen,m,北京 昌平区,积极
5163758054279070,2025-05-08,0,美国,爸爸总是受害者《汗》《打call》,柱国同学,m,广东 深圳,消极
5163758054279070,2025-05-08,0,广东,我家那个粘手的小孩也是爱看!!!《吃瓜》,凡之塵緣,m,广东,积极
5163758054279070,2025-05-08,1,湖北,王心凌?,安馨的芥末,m,湖北 武汉,积极
5163758054279070,2025-05-08,0,黑龙江,谁啊,傲娇的沧澜猛兽,m,黑龙江 哈尔滨,消极
5163758054279070,2025-05-08,0,四川,这腿型真不错,白二宝74,m,四川 南充,积极
5163758054279070,2025-05-08,0,江苏,"这有点像橘子姐啊,我上次五深圳欢乐谷,她们女团李最好看的就是橘子姐了,看样子应该是她。《doge》",南国山河北姑居,m,四川 成都,积极
5163758054279070,2025-05-08,4,广东,我同学....《笑cry》,捉鳖鳖林,m,广东 广州,积极
5163758054279070,2025-05-08,0,北京,我孩子也想去,牧云空,m,北京,消极
5163758054279070,2025-05-08,0,广东,无中生孩《笑而不语》,史·瑞·闻·止,m,其他,积极
5163758054279070,2025-05-07,0,广东,汪?,Moj1bc,m,广东 东莞,积极
5163758054279070,2025-05-07,0,河北,"我说实话,我想看",驴肉板肠2020,m,其他,积极
5163758054279070,2025-05-07,0,广东,"其实欢乐谷就应该面向年轻人,打造二次元世界。",onlyarsenal,m,广东 深圳,积极
5163758054279070,2025-05-07,1,重庆,有点死鱼眼,用户6250261518,m,其他,积极
5163758054279070,2025-05-07,0,山西,"这让我想起了长隆女团,不知道这组合还在不在",范特西LEO,m,山西 太原,积极
5163758054279070,2025-05-07,0,广西,妈妈也想去呢《哈哈》,抹大拉-玛莉亚,f,其他,积极
5163758054279070,2025-05-07,0,上海,南音 小雨 橘子,冈田锦鲤保佑我,m,上海 松江区,积极
5163758054279070,2025-05-08,0,美国,这些小孩都长胡子了吧《doge》《doge》,清新龙眼做饭,m,海外,积极
5163758054279070,2025-05-07,0,安徽,"欢乐谷好啊!欢乐谷得去,孩子喜欢",唱跳rap都不会hii,m,安徽,积极
5163758054279070,2025-05-08,0,马耳他,我家孩子也想去《污》《害羞》,老刀99,m,上海 松江区,消极
5163758054279070,2025-05-08,0,广东,爷爷不去吗?,剥羊皮的尖刀,m,其他,积极
5163758054279070,2025-05-07,0,北京,《泪》北京有吗?,我说说您听听,f,北京,消极
5163758054279070,2025-05-08,1,广东,带朱姐去看,志摩Rin,m,安徽 安庆,积极
5163758054279070,2025-05-10,0,广东,"欢乐谷就在我家门口,我竟然不知道《允悲》高低得去一趟,带孩子去《偷笑》",刺激大玩家,m,其他,积极
5163758054279070,2025-05-09,0,广西,好看 爱看《doge》,你们叫我niania就好,m,其他,积极
5163758054279070,2025-05-09,0,北京,"身材真好,这妹纸是谁?",监测员1379,m,其他,积极
5163758054279070,2025-05-09,0,上海,这种模式抄的棒子的吧?好多棒子明星都有这种拍摄,c雷切d,m,上海 黄浦区,积极
5163758054279070,2025-05-09,0,广东,《打call》《打call》《打call》,王小二闯江湖,f,广东,积极
5163758054279070,2025-05-09,0,美国,都不惜得点破你《微笑》,Sinsofinnocent,m,海外 美国,积极
5163758054279070,2025-05-08,0,辽宁,"天呐,这是真的吗?",慕口袋见不得韭菜,m,其他,积极
5163758054279070,2025-05-08,0,湖南,我也想去欢乐谷《笑哈哈》《笑哈哈》《笑哈哈》,明湖青影,m,其他,积极
5163758054279070,2025-05-08,0,广东,这个妹子是谁啊?得让我儿子也哭着要去看。,lzllc,m,海外 其他,消极
5163758054279070,2025-05-08,0,福建,"南音,以前在长隆女团",孤帆9731,f,福建 福州,积极
5163758054279070,2025-05-08,0,上海,其实有点丑,Everquestever,m,上海,积极
5163758054279070,2025-05-08,0,福建,孩子的要求应该满足。《赞》,孟德斯鸠86,m,福建 莆田,积极
5163758054279070,2025-05-07,0,北京,"是""好多当了爸爸的人哭着要去,孩子只好陪着去""吧《哈哈》",睡眠拖延症陷入重度,m,其他,积极
5163758054279070,2025-05-07,0,安徽,加油加油加油《心》《心》《心》《心》《心》《打call》《打call》《打call》《打call》《打call》《打call》,贵族阳光明媚_2004,m,吉林 长春,积极
5163758054279070,2025-05-07,0,安徽,《心》《心》《心》《心》《心》《心》《心》,贵族阳光明媚_2004,m,吉林 长春,积极
5163758054279070,2025-05-07,1,广西,"《honey,你把爱放进我的心里 . ‘欢乐谷女团’-哔哩哔哩》 来来来,完整版帮你们找来了《doge》",一拳穿星辰,m,其他,积极
5163758054279070,2025-05-08,0,河北,好可爱的小姐姐《打call》,小叉号叫废了,m,其他,积极
5163758054279070,2025-05-08,0,四川,每当我孤单的时候我总会打开字母 矮克丝26矮克丝点cc,在森林听有声小说的蜂蜜,m,其他,积极
5163758054279070,2025-05-08,0,四川,"是我家小孩爱看《怒》我当爸爸的肯定要满足她们呀,现在就订机票。 说清楚,是孩子爱看还是爸爸爱看,《打call》",小飞轰炸室,m,四川 成都,消极
5163758054279070,2025-05-08,0,浙江,啊?这业务能力只能混游乐园?,毁灭性的扁平胸2號機,f,海外,消极
5163758054279070,2025-05-08,0,福建,"《笑cry》《允悲》 当然是孩子爱看《怒》 说清楚,是孩子爱看还是爸爸爱看,《打call》",虚天光阴,m,福建 福州,消极
5163758054279070,2025-05-08,0,广东,这是不是色情物品?,猪_你太美,f,海外,消极
5163758054279070,2025-05-08,0,上海,是那种5岁零360个月的孩子吗《doge》,妙妙先森X,m,上海 黄浦区,积极
5163758054279070,2025-05-08,0,江西,"好多年没去过欢乐谷了,是时候去帮衬一下了。",沙河老王头,m,广东,积极
5163758054279070,2025-05-08,0,上海,"父慈子孝,其乐融融《doge》",cain666,m,上海 宝山区,积极
5163758054279070,2025-05-08,1,湖南,"爸爸昨晚打了一晚上孩子,孩子终于答应今天去欢乐谷了",李希空,m,湖南 长沙,积极
5163758054279070,2025-05-08,0,吉林,"《doge》你的视频很好,我准备拿去ai一下。",阿爬叔-FYJS,m,其他,积极
5163758054279070,2025-05-08,0,安徽,01.非常媚男。《哈哈》《哈哈》《哈哈》,凤舞九天108,m,安徽 合肥,积极
5163758054279070,2025-05-07,0,上海,女孩子,春春_大象无形,f,上海,积极
5166335140565457,2025-05-14,171,浙江," 人美声甜气质佳,陈丽君的越剧配西湖美景,养眼悦耳 《打call》",沉迷款鸡涌的毛毛丝,f,浙江 台州,积极
5166335140565457,2025-05-14,158,北京," 人美声甜气质佳,陈丽君的越剧配西湖美景,养眼悦耳 《打call》",卡皮巴拉-扶手版,f,北京,积极
5166335140565457,2025-05-14,161,陕西,  期待 带我们游杭州,泡面加颗温泉蛋,f,其他,积极
5166335140565457,2025-05-14,137,广东," 人美声甜气质佳,陈丽君的越剧配西湖美景,养眼悦耳 《打call》",细细吖-,f,广东 揭阳,积极
5166335140565457,2025-05-14,131,广东," 人美声甜气质佳,陈丽君的越剧配西湖美景,养眼悦耳",kai影影,f,其他,积极
5166335140565457,2025-05-14,108,湖北, 期待新节目!《爱你》,卷卷二公子,m,北京 东城区,积极
5166335140565457,2025-05-14,108,广东,期待陈丽君《打call》《打call》,kai影影,f,其他,积极
5166335140565457,2025-05-14,103,江苏," 人美声甜气质佳,陈丽君的越剧配西湖美景,养眼悦耳 《打call》",是谁每天都在敲键盘,f,江苏,积极
5166335140565457,2025-05-14,99,山西," 人美声甜气质佳,陈丽君的越剧配西湖美景,养眼悦耳 《心》《心》《心》",君辰永相随,f,山西,积极
5166335140565457,2025-05-14,95,辽宁," 西湖长桥唱越剧,越剧的美在 身上完美体现《送花花》《送花花》《送花花》",大道至简1370,f,辽宁,积极
5166335140565457,2025-05-14,78,江苏,景美人美!期待陈丽君 《哇》《哇》《哇》,想啥是啥clj爆爆,f,江苏,积极
5166335140565457,2025-05-14,62,广东," 期待陈丽君,我的大观园巡演顺利!",宝宝好方喵,f,广东 广州,积极
5166335140565457,2025-05-14,51,山东, 期待陈丽君老师《心》《心》《心》,蒾缡,f,山东 济宁,积极
5166335140565457,2025-05-14,38,福建, 《心》 期待陈丽君老师的新节目《哇》《哇》《哇》《哇》央视出品必是精品,沙华琉璃i,f,其他,积极
5166335140565457,2025-05-14,48,浙江," 跳出传统框架,以青春诠释经典,陈丽君是戏曲与时代的摆渡人",玉龙黄-西江月,m,浙江,积极
5166335140565457,2025-05-14,45,江苏, 期待陈丽君,美味舒芙蕾,f,江苏 淮安,积极
5166335140565457,2025-05-14,28,江苏, 《哇》,GillianOct-7,f,江苏 苏州,积极
5166335140565457,2025-05-14,29,河北," 人美声甜气质佳,陈丽君的越剧配西湖美景,养眼悦耳",蓝姵子,f,其他,积极
5166335140565457,2025-05-14,37,浙江," 人美声甜气质佳,陈丽君的越剧配西湖美景,养眼悦耳 《打call》",大宝贝陈丽君,f,其他,积极
5166335140565457,2025-05-14,22,广东," 人美声甜气质佳,陈丽君的越剧配西湖美景,养眼悦耳 《打call》",风扇里的大灯泡,m,其他,积极
5166335140565457,2025-05-14,17,湖北," 人美声甜气质佳,陈丽君的越剧配西湖美景,养眼悦耳 《爱你》",C君无忧,f,湖北 武汉,积极
5166335140565457,2025-05-14,25,浙江, 期待陈丽君《送花花》,陈丽君-小括号,f,浙江 金华,积极
5166335140565457,2025-05-14,20,黑龙江,  期待 人美景美《送花花》《送花花》又想去杭州了《送花花》《送花花》《送花花》,_北溟鱼_,f,黑龙江 哈尔滨,积极
5166335140565457,2025-05-14,14,江苏," 《送花花》 陈丽君和西湖,许仙和西湖,绝美搭配,期待陈丽君的新节目",肆肆de十二钱,f,江苏,积极
5166335140565457,2025-05-14,25,中国香港,  期待新节目《打call》《打call》《打call》《打call》,想见何大人,m,广东 深圳,积极
5166335140565457,2025-05-14,23,内蒙古,万分 期待新节目!《爱你》,今天也要实现愿望啊,f,其他,积极
5166335140565457,2025-05-14,20,江苏," 跳出传统框架,以青春诠释经典,陈丽君是戏曲与时代的摆渡人",是谁每天都在敲键盘,f,江苏,积极
5166335140565457,2025-05-14,15,湖北," 人美声甜气质佳,陈丽君的越剧配西湖美景,养眼悦耳 《打call》,期待君君新节目",隐藏起来的透明人,f,其他,积极
5166335140565457,2025-05-14,11,安徽, ,纤凝不语,f,浙江 杭州,积极
5166335140565457,2025-05-14,9,广东, 是那个获得5️⃣4️⃣奖章的陈丽君《憧憬》,宝宝好方喵,f,广东 广州,积极
5166335140565457,2025-05-14,8,北京, 期待陈丽君《打call》,就爱看星星的我,m,其他,积极
5166335140565457,2025-05-14,7,北京, 期待陈丽君《打call》,眼里有宙宇,f,浙江 杭州,积极
5166335140565457,2025-05-14,4,河北," 西湖长桥唱越剧,越剧的美在 身上完美体现《哇》《心》《打call》",honey_甜甜的,f,其他,积极
5166335140565457,2025-05-14,5,浙江,"央视《城市风华录》于杭州取景,西湖长桥陈丽君越剧开腔,江南韵与人文情交织,期待成片。",风吟听竹,m,浙江,积极
5166335140565457,2025-05-14,1,江苏, 期待新节目!《打call》《打call》《打call》,MF020690,f,江苏 南通,积极
5166335140565457,2025-05-14,5,山东,《心》  君君好美啊!期待 的新节目《送花花》,花果山小俊丝,f,北京 东城区,积极
5166335140565457,2025-05-14,2,北京, 期待陈丽君《爱慕》,Lyj-zy,f,其他,积极
5166335140565457,2025-05-14,1,广东,"   人美声甜气质佳,陈丽君的越剧配西湖美景,养眼悦耳 《打call》",风扇里的大灯泡,m,其他,积极
5166335140565457,2025-05-14,1,湖南,"  人美声甜气质佳,陈丽君的越剧配西湖美景,养眼悦耳 《打call》",风中血影62771,m,其他,积极
5166335140565457,2025-05-14,1,中国台湾, 期待陈丽君老师《送花花》《送花花》《送花花》《送花花》,小楊不負自己,f,台湾 其他,积极
5166335140565457,2025-05-14,1,广东, 期待新节目!《爱你》,风扇里的大灯泡,m,其他,积极
5166335140565457,2025-05-14,1,山东,clj 期待陈丽君,葫芦娃爆打怪兽,f,山东 潍坊,积极
5166335140565457,2025-05-14,1,山东, 期待陈丽君老师《心》《心》《心》,开个橙子吃吃吧,f,其他,积极
5166335140565457,2025-05-14,1,广东,在江南美景西湖唱越剧的陈丽君组成了一幅动人的国画美景《太开心》,芝士汉堡饱饱,f,其他,积极
5166335140565457,2025-05-14,1,广东, 期待新节目!《爱你》《打call》《打call》《打call》《打call》《打call》,风扇里的大灯泡,m,其他,积极
5166335140565457,2025-05-14,1,广东, 期待新节目!《爱你》《打call》《打call》,风扇里的大灯泡,m,其他,积极
5166335140565457,2025-05-14,1,安徽,期待陈丽君《心》《心》《心》,吃蛋挞的芒果,f,其他,积极
5166335140565457,2025-05-14,1,广东, 期待新节目!《爱你》,风扇里的大灯泡,m,其他,积极
5166335140565457,2025-05-14,1,北京, 期待陈丽君《比耶》,花果山小黄桃,f,其他,积极
5166335140565457,2025-05-14,1,福建,"期待陈丽君伐节目,努力宣传杭州,宣传越剧,宣传传统文化《爱你》《打call》",Yl-JLC,f,福建,积极
5166335140565457,2025-05-14,1,北京, 期待陈丽君《爱慕》,花果山小红桃,f,其他,积极
5166335140565457,2025-05-14,1,北京," 人美声甜气质佳,陈丽君的越剧配西湖美景,养眼悦耳 《打call》《打call》《打call》",君心似水55,f,其他,积极
5166335140565457,2025-05-14,1,安徽,超级期待陈丽君《鲜花》,大鲁201807,m,安徽 合肥,积极
5166335140565457,2025-05-14,1,广东,好美《心》,爱就一个字_2016,f,其他,积极
5166335140565457,2025-05-14,1,广东, 期待陈丽君老师《心》《心》《心》,爱就一个字_2016,f,其他,积极
5166335140565457,2025-05-14,1,广东,期待新节目!《爱你》,爱就一个字_2016,f,其他,积极
5166335140565457,2025-05-14,1,江苏,期待陈丽君 ,yuyiren念,f,其他,积极
5166335140565457,2025-05-14,1,湖北,期待新节目《爱你》《爱你》,卷卷二公子,m,北京 东城区,积极
5166335140565457,2025-05-14,1,北京,  期待 带我们游杭州《心》《心》《心》,君心似水55,f,其他,积极
5166335140565457,2025-05-14,1,辽宁," 人美声甜气质佳,陈丽君的越剧配西湖美景,养眼悦耳 《打call》",尼山69_55456,f,辽宁 葫芦岛,积极
5166335140565457,2025-05-14,2,湖北,  期待这期节目《心》《心》《心》,M蓉M_six,f,湖北,积极
5166335140565457,2025-05-14,1,陕西,期待君君的节目这画面看着很舒心,简爱的你最美,f,其他,积极
5166335140565457,2025-05-14,1,辽宁,太美了 好漂亮啊期待君君的新节目,123hao_10308,m,辽宁,积极
5166335140565457,2025-05-14,1,河北,  西湖景美人更美《打call》《打call》,玻璃上的娃娃鱼,f,河北 承德,积极
5166335140565457,2025-05-14,1,河北,  西湖景美人更美《打call》《打call》,玻璃上的娃娃鱼,f,河北 承德,积极
5166335140565457,2025-05-14,0,上海," 人美声甜气质佳,陈丽君 的越剧配西湖美景,养眼悦耳《心》《心》《心》",随君走一场寻美的旅程,f,上海,积极
5166335140565457,2025-05-14,0,广东, 好美好可爱,老虎打武松233,f,辽宁 大连,积极
5166335140565457,2025-05-14,0,云南," 期待节目播出,期待陈老师 带大家游杭州《抱一抱》",未_七七,f,其他,积极
5166335140565457,2025-05-14,0,四川, 不错不错《嘻嘻》《嘻嘻》《嘻嘻》,慢煮光阴伴明月99,f,四川 成都,积极
5166335140565457,2025-05-14,0,山西," 人美声甜气质佳,陈丽君的越剧配西湖美景,养眼悦耳 《打call》",光之骑士君冰,m,山西,积极
5166335140565457,2025-05-14,0,湖北," 《努力》  人美声甜气质佳,陈丽君的越剧配西湖美景,养眼悦耳 《打call》",吃辣椒得蘸醬,m,北京,积极
5166335140565457,2025-05-14,0,广东,"   人美声甜气质佳,陈丽君的越剧配西湖美景,养眼悦耳 《打call》",风扇里的大灯泡,m,其他,积极
5166335140565457,2025-05-14,0,甘肃, 期待陈丽君《打call》《打call》,Nuyoah_幸,f,甘肃 兰州,积极
5166335140565457,2025-05-14,0,上海,  期待这期节目《心》《心》《心》,Conan_2024,m,上海,积极
5166335140565457,2025-05-14,0,广东,   期待新节目!《爱你》,风扇里的大灯泡,m,其他,积极
5166335140565457,2025-05-14,0,山西,"期待节目杭州篇播出, 一起赏西湖美景,听陈丽君唱越剧《抱一抱》",不带二宝贝,f,其他,积极
5166335140565457,2025-05-14,1,河南," 人美声甜气质佳,陈丽君的越剧配西湖美景,养眼悦耳 《送花花》",越君-5-9-,f,河南 郑州,积极
5166335140565457,2025-05-14,0,江苏,"太棒啦,又可以看到陈丽君的新节目了《good》《good》",奋战在黑夜的猫头鹰,f,其他,积极
5166335140565457,2025-05-14,0,湖北,期待陈丽君。,缤纷物语玫瑰,f,湖北 宜昌,积极
5166335140565457,2025-05-14,0,福建,好看 《悲伤》《悲伤》《悲伤》,坤生君,f,福建 福州,消极
5166335140565457,2025-05-14,1,广东," 人美声甜气质佳,陈丽君的越剧配西湖美景,养眼悦耳 《打call》",凉夜辞风_,f,江苏,积极
5166335140565457,2025-05-14,0,浙江," 人美声甜气质佳,陈丽君的越剧配西湖美景,养眼悦耳 《打call》",陈陈陈-辰辰,f,浙江 温州,积极
5166335140565457,2025-05-14,0,宁夏," 人美声甜气质佳,陈丽君的越剧配西湖美景,养眼悦耳 《心》《心》《心》《心》《心》《心》",陆小虎0509,f,其他,积极
5166335140565457,2025-05-14,0,福建," 人美声甜气质佳,陈丽君的越剧配西湖美景,养眼悦耳 《打call》",萌君三岁,f,广东,积极
5166335140565457,2025-05-14,3,广西," 人美声甜气质佳,陈丽君的越剧配西湖美景,养眼悦耳",clj-星辰大海,f,广西 南宁,积极
5166335140565457,2025-05-14,0,上海, 期待新节目 ,饭团越来越瘦,f,上海 普陀区,积极
5166335140565457,2025-05-14,0,福建, 期待陈丽君《送花花》,李不到一,m,江西 上饶,积极
5166335140565457,2025-05-14,0,湖南," 人美声甜气质佳,陈丽君的越剧配西湖美景,养眼悦耳 《打call》",SONGhhhh_,m,湖南,积极
5166335140565457,2025-05-14,0,四川," 陈丽君就是行走的衣架子,又亮又飒,气质身段都绝佳《赞》《赞》",花果山小蜗牛,f,四川 德阳,积极
5166335140565457,2025-05-14,0,浙江,欢迎走进大观园,丨输情歌丨,m,浙江,积极
5166335140565457,2025-05-14,0,吉林, 期待陈丽君《爱你》,横竖撇捺横撇竖勾横,f,其他,积极
5166335140565457,2025-05-14,0,浙江,《兔子》《兔子》,丨输情歌丨,m,浙江,积极
5166335140565457,2025-05-14,0,浙江,《送花花》,丨输情歌丨,m,浙江,积极
5166335140565457,2025-05-14,0,浙江,期待陈丽君呀!《抱一抱》,丨输情歌丨,m,浙江,积极
5166335140565457,2025-05-14,0,广东,  期待 带我们游杭州,RayChul,f,广东 深圳,积极
5166335140565457,2025-05-14,0,天津,  陈丽君优秀美丽大方优雅明媚可爱完全就是一个大期待,在甜蜜陷阱里建别墅,f,辽宁,积极
5166335140565457,2025-05-14,1,河南,期待陈丽君《爱你》,究极浪漫主义,m,其他,积极
5166335140565457,2025-05-14,0,江苏," 西湖长桥唱越剧,越剧的美在 身上完美体现《送花花》《送花花》《送花花》",Mikrokosmos哈,f,其他,积极
5166335140565457,2025-05-14,0,江苏, 期待陈丽君,与君同在0588,f,江苏 无锡,积极
5166335140565457,2025-05-14,0,福建, 期待 ,mtdxzy,f,其他,积极
5166335140565457,2025-05-14,0,江苏,期待陈丽君老师《好喜欢》《好喜欢》《好喜欢》,Mikrokosmos哈,f,其他,积极
5166335140565457,2025-05-14,0,江苏,  期待 带我们游杭州,Mikrokosmos哈,f,其他,积极
5166335140565457,2025-05-14,0,江苏," 人美声甜气质佳,陈丽君的越剧配西湖美景,养眼悦耳 《打call》",Mikrokosmos哈,f,其他,积极
5166335140565457,2025-05-14,0,浙江," 跳出传统框架,以青春诠释经典,陈丽君是戏曲与时代的摆渡人",入君相思门_,f,香港 其他,积极
5166335140565457,2025-05-14,0,浙江,  期待 带我们游杭州,入君相思门_,f,香港 其他,积极
5166335140565457,2025-05-14,0,浙江," 人美声甜气质佳,陈丽君的越剧配西湖美景,养眼悦耳 《打call》",入君相思门_,f,香港 其他,积极
5166335140565457,2025-05-14,0,浙江, 期待新节目《哇》《哇》《哇》,坚持到底的火娃,f,其他,积极
5166335140565457,2025-05-14,0,浙江,期待陈丽君老师《鲜花》《鲜花》《鲜花》期待节目播出,入君相思门_,f,香港 其他,积极
5166335140565457,2025-05-14,0,浙江," 期待陈丽君,期待节目播出《送花花》",阿飞飞和阿丹丹,f,浙江,积极
5166335140565457,2025-05-14,0,湖南, 超级期待陈丽君 《爱慕》《爱慕》《爱慕》《爱慕》,旧港_c,f,广东 中山,积极
5166335140565457,2025-05-14,0,广东,"景美人美,期待陈丽君!",语义流失,f,广东 广州,积极
5166335140565457,2025-05-14,0,江苏," 人美声甜气质佳,陈丽君的越剧配西湖美景,养眼悦耳 《打call》",卿尘-C,f,其他,积极
5166335140565457,2025-05-14,0,江苏," 陈丽君的越剧配西湖美景,养眼悦耳 《打call》",齐天大圣陈小猴,f,其他,积极
5166335140565457,2025-05-14,0,湖北,期待《送花花》《送花花》,月下唱晚弄垂柳,f,其他,积极
5166335140565457,2025-05-14,1,黑龙江,  期待 带我们游杭州,幽灵辰光,f,黑龙江 双鸭山,积极
5166335140565457,2025-05-14,1,四川," 人美声甜气质佳,陈丽君的越剧配西湖美景,养眼悦耳 《打call》,期待君君新节目,反正我猜有238",一笑田,f,其他,积极
5166335140565457,2025-05-14,1,江西," 人美声甜气质佳,陈丽君的越剧配西湖美景,养眼悦耳 《打call》",无敌大小谢,f,江西,积极
5166335140565457,2025-05-14,2,湖南,陈丽君真好看《爱你》,有800个墙头,f,其他,积极
5166335140565457,2025-05-14,1,新疆,"《打call》 人美声甜气质佳,陈丽君的越剧配西湖美景,养眼悦耳 《打call》《打call》《鼓掌》《鼓掌》",小虫0126,f,新疆,积极
5166335140565457,2025-05-14,1,辽宁," 人美声甜气质佳,陈丽君的越剧配西湖美景,养眼悦耳",C君是山,f,其他,积极
5166335140565457,2025-05-14,1,四川, 好期待陈老师的新舞台《打call》,Helen_萱,f,其他,积极
5166335140565457,2025-05-14,1,上海," 人美声甜气质佳,陈丽君的越剧配西湖美景,养眼悦耳 《打call》《彩虹屁》",肉夹馍小公主,f,上海,积极
5166335140565457,2025-05-14,1,云南, 景美人更美《哇》《哇》《哇》,有时间过来签到,m,其他,积极
5166335140565457,2025-05-14,1,福建," 人美声甜气质佳,陈丽君的越剧配西湖美景,养眼悦耳",人就得长高点,f,其他,积极
5166335140565457,2025-05-14,1,内蒙古," 人美声甜气质佳,陈丽君的越剧配西湖美景,养眼悦耳 《打call》",_快乐小猴子_,f,其他,积极
5166335140565457,2025-05-14,1,越南, 《爱慕》《爱慕》《爱慕》,J52J,f,海外,积极
5166335140565457,2025-05-14,1,浙江," 人美声甜气质佳,陈丽君的越剧配西湖美景,养眼悦耳 《打call》",浅笑半秋,f,浙江 杭州,积极
5166335140565457,2025-05-14,1,广东, 好期待节目呀《心》,自由又自在呀呀,f,广东 广州,积极
5166335140565457,2025-05-14,1,山西, 期待陈丽君,何谓伊人LOVE,f,其他,积极
5166335140565457,2025-05-14,1,河南," 人美声甜气质佳,陈丽君的越剧配西湖美景,养眼悦耳 《打call》",拉尔大人,m,浙江 杭州,积极
5166335140565457,2025-05-14,0,浙江, 蝴蝶仙君游西湖《心》《心》《心》,一胡清酒J,f,浙江 温州,积极
5166335140565457,2025-05-14,0,四川," 人美声甜气质佳,陈丽君的越剧配西湖美景,养眼悦耳 《爱慕》,期待君君新节目《赢牛奶》《赢牛奶》《赢牛奶》",轩丽诗_jxm,f,四川 成都,积极
5166335140565457,2025-05-14,0,福建,"  💕  人美声甜气质佳,陈丽君的越剧配西湖美景,养眼悦耳 《打call》",唯愿君安2310,f,广东,积极
5166335140565457,2025-05-14,0,四川," 人美声甜气质佳,陈丽君的越剧配西湖美景,养眼悦耳 《哇》《哇》《哇》",Helen_萱,f,其他,积极
5166335140565457,2025-05-14,0,广东," 人美声甜气质佳,陈丽君的越剧配西湖美景,养眼悦耳 《打call》",你在世界尽头CLJ,f,其他,积极
5166335140565457,2025-05-14,0,云南, 期待陈丽君的每一场演出《送花花》,塞纳河畔的velpro,m,其他,积极
5166335140565457,2025-05-14,0,浙江,陈丽君值得《赞》,用户7147360603,f,其他,积极
5166335140565457,2025-05-14,0,浙江, 期待陈丽君老师,俊俊的小内八,f,浙江 杭州,积极
5166335140565457,2025-05-14,0,福建,期待陈丽君《憧憬》,_月亮不睡我不睡_-,m,内蒙古,积极
5166335140565457,2025-05-14,0,福建,  期待期待期待,福旺满66,m,福建 南平,积极
5166335140565457,2025-05-14,0,辽宁,景美人美!期待陈丽君 《哇》《哇》《哇》,一起吃鹅肉啊,f,辽宁,积极
5166335140565457,2025-05-14,0,安徽," 跳出传统框架,以青春诠释经典,陈丽君是戏曲与时代的摆渡人",喵一下纸,f,其他,积极
5166335140565457,2025-05-14,0,贵州,"期待节目杭州篇播出, 一起赏西湖美景,听陈丽君唱越剧《抱一抱》",一般人我不告诉我是爹,m,贵州,积极
5166335140565457,2025-05-14,0,广东,君君成了杭州的一张名片《心》《心》《心》,我的镜子同学,f,北京,积极
5166335140565457,2025-05-14,0,贵州,好听好看的越剧,一般人我不告诉我是爹,m,贵州,积极
5166335140565457,2025-05-14,0,湖北,蓝衣飘飘,梦幻小乔1314,f,湖北 黄冈,积极
5166335140565457,2025-05-14,2,河南,"  期待新的节目,期待《城市风华录》,期待",暗夜中的呢喃,m,其他,积极
5166335140565457,2025-05-14,2,天津, 期待《送花花》,用户5458275129,f,其他,积极
5166335140565457,2025-05-14,3,北京, 期待陈丽君《兔子》,_7iinnu,f,北京,积极
5166335140565457,2025-05-14,0,广东,《哇》最佳代言人,DaeDae啊咦,f,广东 湛江,积极
5166335140565457,2025-05-14,2,北京, 期待陈丽君《兔子》,花果山小毛桃,f,其他,积极
5166335140565457,2025-05-14,2,江苏, 期待陈丽君《鲜花》,-扶光照星月,f,其他,积极
5166335140565457,2025-05-14,2,江苏," 期待陈丽君,我的大观园巡演顺利!",是谁每天都在敲键盘,f,江苏,积极
5166335140565457,2025-05-14,3,江苏," 人美声甜气质佳,陈丽君的越剧配西湖美景,养眼悦耳 《打call》",vivi唯i,f,其他,积极
5166335140565457,2025-05-14,3,河南, 期待新节目!《爱你》,随缘-199307,f,河南 洛阳,积极
5166335140565457,2025-05-14,7,山东, clj,竹墨云吉,f,山东 淄博,积极
5166335140565457,2025-05-14,0,江苏,"一个臭网红,一堆官媒在这站台《吐》",ewei_sw,m,江苏 南京,积极
5166335140565457,2025-05-14,1,广东,这个庶女是谁吗,冰雨金币,m,广东 东莞,积极
5166335140565457,2025-05-14,3,浙江,"哪位领导这么喜欢她,天天都能在各大官媒上看到她的通稿",yzy2486,m,江苏 南京,积极
5166107809024072,2025-05-14,9,江苏,"愿大家马到成功,所得皆所愿《good》",骁发为于,f,其他,积极
5166107809024072,2025-05-14,6,浙江,马到成功!所得皆所愿!,方圆之间L,f,其他,积极
5166107809024072,2025-05-14,5,广东,"骏马扬蹄,踏浪奔腾,展现出无边的壮丽画卷,令人心潮澎湃。",行云梦月影,f,广东,积极
5166107809024072,2025-05-14,3,浙江,"愿大家马到成功,心想事成,万事如意!",慊韧暀_8,f,其他,积极
5166107809024072,2025-05-14,3,云南,愿大家马到成功!所得皆所愿!,成毅的小果果呀呀,f,其他,积极
5166107809024072,2025-05-14,1,福建,骏马奔腾,陈-医-生,m,其他,积极
5166107809024072,2025-05-14,1,黑龙江,"希望看到这美景的大家都像这些骏马一样,一路奔腾,马到成功,所有愿望都能实现! ",红名777,f,黑龙江 大庆,积极
5166107809024072,2025-05-14,1,北京,"马到成功,皆得所愿。 早安《鲜花》",散漫的霍普斯,f,北京,积极
5166107809024072,2025-05-14,1,北京,太震撼了! 《打call》,散漫的霍普斯,f,北京,积极
5166107809024072,2025-05-14,1,江苏,哇!,池塘边的好朋友1823,f,其他,积极
5166107809024072,2025-05-14,1,浙江,早安《太阳》,neswen,f,其他,积极
5166107809024072,2025-05-14,1,北京,早安!,繁星不及你vv,f,北京,积极
5166107809024072,2025-05-14,1,山东,"马到成功,一路长虹。",清醒的河流,f,山东 聊城,积极
5166107809024072,2025-05-14,2,天津,"早安,马到成功!《给你小心心》",Lucas-果果,f,天津,积极
5166107809024072,2025-05-14,1,浙江,"早安《给你小心心》祝我们都马到成功,心想事成!《心》",慊韧暀_8,f,其他,积极
5166107809024072,2025-05-14,2,湖北,马到成功!所得皆所愿!《打call》,丹台云暖驻长春,f,天津,积极
5166107809024072,2025-05-14,1,中国澳门,早安《太阳》《太阳》,晨晨_Chinchin,f,澳门 其他,积极
5166107809024072,2025-05-14,1,江苏,早安!,忆然云,f,江苏 盐城,积极
5166107809024072,2025-05-14,1,山东,早,夕梨sunny,f,山东,消极
5166107809024072,2025-05-14,1,浙江,马到成功《打call》《打call》《打call》万马奔腾《打call》《打call》《打call》加油,东坡一只喵喵喵,f,浙江 嘉兴,积极
5166107809024072,2025-05-14,1,甘肃,"哎呀,天蓬元帅的御马群啊《哈哈》《哈哈》《哈哈》《赞》《赞》《赞》",班长家的彧魔王,f,甘肃,积极
5166107809024072,2025-05-14,1,江苏,马到成功《good》,适不可挡的鱼,f,其他,积极
5166107809024072,2025-05-14,1,广东,早安,相信会遇见幸运clover,f,其他,积极
5166107809024072,2025-05-14,0,四川,马到成功!!,深深可可爱,m,四川 成都,积极
5166107809024072,2025-05-14,0,河北,"善不可不弘,恶不可不去。 善心人人有,快乐你我他。 善念养善心,善心生善念。 德不积不厚,善不行不成。 人往高处走,善在心中留。 至宝不常现,至善不常有。 行莫于恭敬,善莫于用心。 由善入恶易,由恶入善难。",刘听凡清说,f,其他,积极
5166107809024072,2025-05-14,0,辽宁,《哈哈》马到成功!所得皆所愿!《打call》《打call》,哈哈gli,f,辽宁,积极
5166107809024072,2025-05-14,0,江苏,"骏马扬蹄,踏浪奔腾,展现出无边的壮丽画卷,令人心潮澎湃",清韻R,f,北京 朝阳区,积极
5166107809024072,2025-05-14,0,上海,祝 马到成功!,lucretia-123,f,其他,积极
5166107809024072,2025-05-14,0,广东,"马到成功,皆得所愿。 早安《鲜花》",le_豆豆,f,广东,积极
5166107809024072,2025-05-14,0,北京,"你应该去爱这山,这水,这世间万物,以及鲜花与你自己。而不是拘泥于小小的情爱之间不放过自己",小梨bb机,f,海外,积极
5166107809024072,2025-05-14,0,广西,"善良是春日里的和煦微风,善良是炎热夏日的清凉饮品,善良是秋日收获的喜悦,善良是冬日里温暖的阳光。",凡落清尘,f,其他,积极
5166107809024072,2025-05-14,0,未知,"天马行空,马到成功。这里是新疆伊犁《话筒》",阿勒泰公安在线,m,新疆,积极
5166107809024072,2025-05-14,0,天津,"浴河奔腾,太震撼了《努力》《努力》《努力》",壹拾貳月的貓,f,天津,积极
5166107809024072,2025-05-14,0,山东,"愿大家马到成功,心想事成,万事如意!",晚昭愿,f,其他,积极
5166107809024072,2025-05-14,0,广东,《good》,留在座位上的过客,f,其他,积极
5166107809024072,2025-05-14,0,江苏,"马踏江河,马跃龙腾。",顺前人脚步走,m,北京,积极
5166107809024072,2025-05-14,0,广东,马到功成!,快活余年,f,广东 广州,积极
5166107809024072,2025-05-14,0,湖南,"每一分自信和优雅的背后,都有一份对梦想的追求和坚持,有时候,成功和失败之间只在一念之差,所以,无论多难,都别轻言放弃,坚持,是一种令人钦佩的能力,更是一种会发光的魅力。",pp不是屁屁h,f,其他,积极
5166107809024072,2025-05-14,0,天津,马到功成!顺顺利利!,Closer-note,f,天津,积极
5166107809024072,2025-05-14,0,浙江,马到成功,Miss栗子7,f,浙江 宁波,积极
5166107809024072,2025-05-14,0,湖北,马到成功,浅沐青歌,f,湖北,积极
5166107809024072,2025-05-14,0,广东,"早上好,祝我们都能马到成功 一切顺遂",二三八十,f,四川 成都,积极
5166107809024072,2025-05-14,0,广西,《憧憬》,先骂他们-我不急,f,广西 钦州,积极
5166107809024072,2025-05-14,0,四川,去年现场观摩啦!很壮观《心》,三分熊子,f,其他,积极
5166107809024072,2025-05-14,0,四川,震撼,倩妖妖,f,四川 成都,消极
5166107809024072,2025-05-14,0,湖南,《送花花》《送花花》《送花花》,I芙蓉山庄I,m,湖南,积极
5166107809024072,2025-05-14,0,上海,早安《鲜花》,秋绝剑,f,上海,积极
5166107809024072,2025-05-14,0,江苏,《赞》,·crazychemistry·,m,其他,积极
5166107809024072,2025-05-14,0,浙江,马到成功《打call》,今天晚上吃啥呀,f,浙江,积极
5166107809024072,2025-05-14,0,黑龙江,马到成功《心》《心》《心》《加油》《加油》《加油》,在北运动,m,黑龙江,积极
5166107809024072,2025-05-14,0,山东,"震撼的画面传递着力量与自由,愿这份壮美为你带来好运——马到成功,所愿皆所得!🐎💨",麻麻最爱的女孩,f,其他,积极
5166107809024072,2025-05-14,0,河南,马到成功,史诗的日子_805,f,河南,积极
5166107809024072,2025-05-14,0,湖南,哇噻,花酿椰子-,f,湖南 长沙,积极
5166107809024072,2025-05-14,0,重庆,马到成功,ai米淇-小窝mi,f,重庆 九龙坡区,积极
5166107809024072,2025-05-14,0,浙江," 在新疆伊犁,骏马奔腾如诗如画,每一次跃动都是生命的赞歌。",Brilliant妖,f,重庆,积极
5166107809024072,2025-05-14,0,陕西,早安,Wanmanyoo-,f,新疆,积极
5166107809024072,2025-05-14,0,四川,"马到成功,水到渠成。",西河桥头,m,四川,积极
5166107809024072,2025-05-14,0,江西,"马到成功,所得皆所愿《心》",米奇味的miki,f,江西 宜春,积极
5166107809024072,2025-05-14,0,河南,早安!《鲜花》,回到未来__-,f,浙江 杭州,积极
5166107809024072,2025-05-14,0,江苏,愿大家马到成功!所得皆所愿!,不开心sylvia,f,江苏,积极
5166107809024072,2025-05-14,0,浙江,早安,今天好像好困,f,其他,积极
5166107809024072,2025-05-14,0,广东,加油,咔咔_kyra,f,广东,积极
5166107809024072,2025-05-14,0,河南,"山海皆温柔,晨风伴自由。早上好,一切顺利。💛",你给我闭嘴吖,f,海外 捷克,积极
5166107809024072,2025-05-14,0,广东,马到成功!所得皆所愿!,深秋的黎明--红叶,f,广东 佛山,积极
5166107809024072,2025-05-14,0,四川,"早安,马到成功",静静心宁,f,其他,积极
5166107809024072,2025-05-14,0,上海,早安,想得开仙子,f,河南 洛阳,积极
5166107809024072,2025-05-14,0,浙江,《送花花》,用户7907808134,f,其他,积极
5166107809024072,2025-05-14,0,江苏,哇塞《开学季》震撼,给我淇e小口,f,江苏,积极
5166107809024072,2025-05-14,0,广西,马到成功!,灿若繁花烈如暖阳的你,f,安徽,积极
5166107809024072,2025-05-14,0,江苏,马到成功!所得皆所愿!《给力》,柠檬水萌不萌,f,江苏 南京,积极
5166107809024072,2025-05-14,0,越南,早,安安_2501,f,其他,消极
5166107809024072,2025-05-14,0,四川,早安《太阳》,为了明天的后天的后天,m,四川 成都,积极
5166107809024072,2025-05-14,0,上海,早安《努力》,蔚蓝的香气_,f,上海,积极
5166107809024072,2025-05-14,0,吉林,早安,爱吃香蕉的狮砸,f,海外,积极
5166107809024072,2025-05-14,0,北京,天河洗马。早安。,与人为善荀友若,m,北京,积极
5166107809024072,2025-05-14,0,黑龙江,"马到成功,所得皆如愿!",命中注定我爱你1823,f,其他,积极
5166107809024072,2025-05-14,0,广东,震撼!马到成功!,吨吨么么哒,f,广东 广州,积极
5166107809024072,2025-05-14,0,湖南,"前程锦绣,奋勇奔腾!《加油》《心》。",岳阳陈杰锋,m,湖南,积极
5166107809024072,2025-05-14,0,北京,"早安,祝大家都马到成功!",深海的鱼0411,f,北京 西城区,积极
5166107809024072,2025-05-14,0,黑龙江,马到成功,0452疯婆子,f,黑龙江 齐齐哈尔,积极
5166107809024072,2025-05-14,0,江苏,马到成功!,禹宙欣河小月光,f,其他,积极
5166107809024072,2025-05-14,0,广东,马到成功 策马奔腾,鱼儿在水里7秒记忆,f,其他,积极
5166107809024072,2025-05-14,0,北京,阿弥陀佛,奋进的大金子,m,北京 朝阳区,积极
5166107809024072,2025-05-14,0,北京,《憧憬》,君君wing,f,北京,积极
5166107809024072,2025-05-14,0,江苏,愿大家马到成功!所得皆所愿!,子沐瑾,f,其他,积极
5166107809024072,2025-05-14,0,澳大利亚,"马到成功,所愿皆所得《赞》《打call》",但愿人长久202012,m,辽宁,积极
5166107809024072,2025-05-14,0,江西,马到成功,pennybear_40489,f,江西 南昌,积极
5166107809024072,2025-05-14,0,浙江,《good》,橘里橘气的猫猫,f,其他,积极
5166107809024072,2025-05-14,0,黑龙江,马到成功《赞》,一只小小懒猫咪,f,黑龙江 佳木斯,积极
5166107809024072,2025-05-14,0,海南,加油《打call》,凌云九霄_,f,其他,积极
5166107809024072,2025-05-14,0,河南,马到成功!所得皆所愿!,雪容融123456,f,河南 三门峡,积极
5166107809024072,2025-05-14,0,广西,那幅画,Goofy黄,m,广西 南宁,消极
5166107809024072,2025-05-14,0,天津,万马奔腾的壮观景象,莉_jiali,f,天津,积极
5166107809024072,2025-05-14,0,上海,马到成功!吉祥如意《鲜花》《鲜花》《鲜花》!,农场小知青,m,上海,积极
5166107809024072,2025-05-14,0,河北,太震撼了,宇宙的伊缕阳光,f,其他,消极
5166107809024072,2025-05-14,0,河北,"万马奔腾,马到成功",淇翕20092014,f,河北 石家庄,积极
5166107809024072,2025-05-14,0,天津,昭苏天马浴河表演,多的烦恼丝,f,其他,积极
5166107809024072,2025-05-14,0,广西,《666》,Dear小朋友F,f,广西,积极
5166107809024072,2025-05-14,0,广西,愿大家马到成功!所得皆所愿!《鼓掌》《鼓掌》《鼓掌》《鼓掌》,小鹅不吃花生,f,广西,积极
5166107809024072,2025-05-14,0,广东,"骏马奔腾,马到成功!",如影随形之幻影,m,广东,积极
5166107809024072,2025-05-14,0,山东,1,百事可爱限定熊兔汽水,f,其他,消极
5166107809024072,2025-05-14,0,广西,🦈🦁马到成功!所得皆所愿!,幸福zhu妮,f,其他,积极
5166107809024072,2025-05-14,0,广东,👏👏👏《干杯》《干杯》《干杯》,听蝉轩主人,m,广东 汕头,积极
5166107809024072,2025-05-14,0,福建,马到成功,Hjz3912251091,m,其他,积极
5166107809024072,2025-05-14,0,天津,《打call》,缓竹,f,天津,积极
5166107809024072,2025-05-14,0,天津,马到成功《努力》《努力》《努力》,西笑绿茵,f,天津 红桥区,积极
5166107809024072,2025-05-14,0,山东,马到成功得偿所愿,Estrella__YY,f,山东 淄博,积极
5166107809024072,2025-05-14,0,湖北,!愿看到的你马到成功!所得皆所愿,InnerStrength_Vera,f,湖北 武汉,积极
5166107809024072,2025-05-14,0,湖北,接马到成功,风起不是树林的错,f,湖北 武汉,积极
5166107809024072,2025-05-14,0,广东,"马到成功,所愿皆所得!",布丁丽子,f,其他,积极
5166107809024072,2025-05-14,0,重庆,卧槽!这是真实存在的吗?太过于壮观!!,chacha3230,f,重庆 沙坪坝区,消极
5166107809024072,2025-05-14,0,浙江,马到成功《全力以赴》,草莓熊小卖铺,f,其他,积极
5166107809024072,2025-05-14,0,山东,"愿大家马到成功,心想事成,万事如意!",芥末大大蟀,f,其他,积极
5166107809024072,2025-05-14,0,北京,《good》《good》《good》《good》《good》《good》,智箫,m,其他,积极
5166107809024072,2025-05-14,0,山东,《心》,澜殇陵,f,其他,消极
5166107809024072,2025-05-14,0,山东,《心》,梦忆深巷梧桐,f,山东,消极
5166107809024072,2025-05-14,0,山东,"愿大家马到成功,心想事成,万事如意!",凡清令我太想念,f,其他,积极
5166107809024072,2025-05-14,0,山东,马到成功,一直很安静-2037,m,其他,积极
5166107809024072,2025-05-14,0,山东,《心》,浮世初晴,f,山东,消极
5166107809024072,2025-05-14,0,广东,《微笑》,cheryp_03,m,其他,积极
5166107809024072,2025-05-14,0,黑龙江,《吃瓜》,哆啦A梦雪球计划,m,黑龙江,积极
5166107809024072,2025-05-14,0,山东,《心》,旖旎风光傲视群雄,f,山东,消极
5166107809024072,2025-05-14,0,广东,马到成功!,昔日云逸,m,广东 深圳,积极
5166107809024072,2025-05-14,0,云南,马到成功,金陵麦里秧,f,浙江 嘉兴,积极
5166107809024072,2025-05-14,0,辽宁,马到成功!,来自心海的小溪,f,其他,积极
5166107809024072,2025-05-14,0,贵州,早上好《鲜花》马到成功,呆萌杯子蛋糕在练太极,f,贵州 六盘水,积极
5166107809024072,2025-05-14,0,黑龙江,《吃瓜》,哆啦A梦雪球计划,m,黑龙江,积极
5166107809024072,2025-05-14,0,天津,"马到成功,早安《太阳》",沉默是金H3,f,天津,积极
5166107809024072,2025-05-14,0,四川,马到成功,云笺燕字0805,f,其他,积极
5166107809024072,2025-05-14,0,福建,马到成功,用户7959516018,f,其他,积极
5166107809024072,2025-05-14,0,江苏,早安,只是一开心,f,海外 澳大利亚,积极
5166107809024072,2025-05-14,0,广西,"早上好,祝我们都马到成功,心想事成!《心》",大赢赢o,f,其他,积极
5166107809024072,2025-05-14,0,北京,"早安,马到成功",雪儿凡事,f,北京 石景山区,积极
5166107809024072,2025-05-14,0,浙江,"铁马冰河入梦来,好想去一趟新疆《悲伤》",守护鹅崽的小兔,f,其他,消极
5166107809024072,2025-05-14,0,上海,接好运,十二月的星夜,f,上海 金山区,积极
5166107809024072,2025-05-14,0,陕西,《举手》《举手》,降降霜_,f,陕西,积极
5166107809024072,2025-05-14,0,上海,壮观,钱小小昕,f,上海 黄浦区,积极
5166107809024072,2025-05-14,0,黑龙江,"万马奔腾,太壮观了!",灿金琉璃,f,黑龙江 哈尔滨,积极
5166107809024072,2025-05-14,0,广东,早安,青春猫咪爱遛狗,f,其他,积极
5166107809024072,2025-05-14,0,江苏,愿马到成功!,幸运的小歌1798,f,江苏 徐州,积极
5166107809024072,2025-05-14,0,陕西,"万马奔腾,气势如虹!",海的彼岸见花开,f,其他,积极
5166107809024072,2025-05-14,0,江苏,震撼,泥涂君子,f,其他,消极
5166107809024072,2025-05-14,0,云南,像水墨画!,让我来想想,f,其他,积极
5166107809024072,2025-05-14,0,中国香港,马到成功!《送花花》,小貓大小姐785,f,香港 其他,积极
5166107809024072,2025-05-14,0,青海,太震撼,安北青,f,青海,消极
5166107809024072,2025-05-14,0,河南,愿所有人马到成功!,菲舞风恋,f,河南 郑州,积极
5166107809024072,2025-05-14,0,上海,马到成功《太开心》,改叫这个名字了,f,福建,积极
5166107809024072,2025-05-14,0,辽宁,"早安,周三快乐!",照猫画虎呀,m,其他,积极
5166107809024072,2025-05-14,0,黑龙江,《打call》《打call》《打call》,上班自由没实现,f,其他,积极
5166107809024072,2025-05-14,0,北京,马到成功,WOIN香香,f,北京,积极
5166107809024072,2025-05-14,0,山东,早安,像阳光那样TLOML,m,北京,积极
5166107809024072,2025-05-14,0,四川,马到成功《打call》所愿皆所得,阿懒睦,m,四川 成都,积极
5166107809024072,2025-05-14,0,黑龙江,《哇》《哇》《哇》,改个名试试63,f,其他,积极
5166107809024072,2025-05-14,1,天津,壮观《送花花》,敏敏minmin2013,f,天津 南开区,积极
5166107809024072,2025-05-14,1,上海,希望a股也有这种上涨的气势,静守平淡心有鸿鹄,m,上海 普陀区,积极
5166107809024072,2025-05-14,0,广东,马到成功《打call》,PinaColada1,f,广东 广州,积极
5166107809024072,2025-05-14,0,湖北,看着像我猴哥当弼马温的时候,爷新绘梨衣,f,湖北 武汉,积极
5166107809024072,2025-05-14,0,江西,万马奔腾,安安11101,f,其他,积极
5166107809024072,2025-05-14,0,福建,"人生路上最重要的不一定是成功,但一定是不断的自我成长。",小林儿响叮当lin,f,其他,积极
5166107809024072,2025-05-14,0,安徽,"早安☀️😃祝我们都马到成功,一帆风顺",Blueflame_tc,f,安徽,积极
5166107809024072,2025-05-14,0,江苏,接好运,水瓶远流长,f,其他,积极
5166107809024072,2025-05-14,0,江苏,早安,画欣欣欣,m,江苏 盐城,积极
5166107809024072,2025-05-14,0,浙江,徐悲鸿笔下的那幅画,-HugYou,m,浙江 杭州,积极
5166107809024072,2025-05-14,0,湖北,早安,夜未央HLP,f,湖北,积极
5166107809024072,2025-05-14,0,中国台湾,马到成功!所得皆所愿!早安《爱你》,Jessica0710,f,台湾,积极
5166107809024072,2025-05-14,0,北京,好,我想把失去的拿回来,f,北京,消极
5166107809024072,2025-05-14,0,广东,马到成功,小草CHANCHAN,f,广东 广州,积极
5166107809024072,2025-05-14,0,浙江,太震撼啦,xmy5822,f,浙江 衢州,积极
5166107809024072,2025-05-14,0,山西,《好喜欢》,关你什么事关他什么事,m,安徽 池州,积极
5166107809024072,2025-05-14,0,山东,好棒,正在恢血,f,其他,积极
5166107809024072,2025-05-14,0,吉林,🏇🏇🏇,蕙兰Huilan,f,其他,消极
5166107809024072,2025-05-14,0,四川,马到成功《加油》,大白兔奶糖Rachel,f,四川,积极
5166107809024072,2025-05-14,0,湖北,"马到成功,所得皆所愿",清新小鹿爱珠宝,f,其他,积极
5166107809024072,2025-05-14,0,河南,"接下来考试,马到成功,一举上岸《打call》《打call》《打call》",寒楼落风,f,河南 郑州,积极
5166107809024072,2025-05-14,0,河南,"马到成功,所得皆所愿《加油》",兜里有宝藏wow,f,河南 郑州,积极
5166107809024072,2025-05-14,0,湖北,真的有天河浴马天马行空的壮景!《good》《good》《good》《鲜花》《鲜花》《鲜花》,用户7386276869,f,其他,积极
5166107809024072,2025-05-14,0,云南,《鲜花》,gen_笑伊风,m,其他,积极
5166107809024072,2025-05-14,0,福建,接《嘻嘻》,天魔镜-绘,m,其他,积极
5166107809024072,2025-05-14,0,山西,《拳头》《拳头》《拳头》,岐岐天翔,m,山西 大同,积极
5166107809024072,2025-05-14,0,山东,马到成功!所得皆所愿!,流年似水abccc,m,山东,积极
5166107809024072,2025-05-14,0,江苏,接成功🏆,Naaaaa___a,f,江苏 常州,积极
5166107809024072,2025-05-14,0,江苏,我自动配了西游记片头曲《二哈》,泡面三,m,安徽 芜湖,积极
5166107809024072,2025-05-14,0,上海,场面好震撼!!!!!《打call》《打call》《打call》,2022超级好运心情棒棒,f,其他,积极
5166107809024072,2025-05-14,0,辽宁,愿大家马到成功,kkllkkllkk,m,辽宁 沈阳,积极
5166107809024072,2025-05-14,0,陕西,马到成功,pu蒲公英的约定668,f,陕西,积极
5166107809024072,2025-05-14,0,辽宁,马到成功,洛溪澳妮,m,海外,积极
5166107809024072,2025-05-14,0,江苏,"善良的传递,是有选择的。善良会摒蔽痛苦,摒除私欲。自己的疼痛自己受,而不传达给别人;自己的苦恼自己解决,而不污染他人,让别人跟着苦恼。",园子酒酒,f,其他,积极
5166107809024072,2025-05-14,0,江苏,好震撼,一切从简xyzy,f,其他,积极
5166107809024072,2025-05-14,0,四川,《作揖》《作揖》《作揖》《作揖》《作揖》,愈心飞飞,m,四川,积极
5166107809024072,2025-05-14,0,陕西,"《好喜欢》好想养一匹马,走在乡间的马路上",保持微笑zyp,f,陕西 西安,积极
5166107809024072,2025-05-14,0,广东,明年马年 马到成功,PengHunter,m,广东 广州,积极
5166107809024072,2025-05-14,0,河北,"奋斗的意义,不在于一定会让你取得多大的成就,只是让你在平凡的日子里,活得比原来的那个自己更好一点",一朵云_789,f,其他,积极
5166107809024072,2025-05-14,0,浙江,后面还缺一个弼马温《嘻嘻》《笑cry》,顺风顺水0106,m,其他,积极
5166107809024072,2025-05-14,0,北京,早起看到马到成功《哇》,翻斗花园1013号,f,其他,积极
5166107809024072,2025-05-14,0,北京,《哇》,中国电信,m,北京,积极
5166107809024072,2025-05-14,0,重庆,"马到成功,皆得所愿。",媛士贝挞,f,重庆,积极
5166107809024072,2025-05-14,0,天津,"新疆伊犁,骏马踏浪,浴河奔腾,场面震撼!愿看到的你马到成功!所得皆所愿!",june的鹅,f,其他,积极
5166107809024072,2025-05-14,0,江苏,"""愿你三冬暖,愿你春不寒,愿你天黑有灯,下雨有伞""",谁啊199012,f,江苏,积极
5166107809024072,2025-05-14,0,江西,"大家马到成功,所得皆所愿《good》大家马到成功,所得皆所愿《good》",Lau不住_,f,海外,积极
5166107809024072,2025-05-14,0,山东,"骏马扬蹄,踏浪奔腾,展现出无边的壮丽画卷,令人心潮澎湃。",小宋今天很美呦,f,山东,积极
5166107809024072,2025-05-14,0,广东,"马到成功,所愿皆所得。",漾日云天-,f,广东,积极
5166107809024072,2025-05-14,0,北京,马到成功!所得皆所愿!,黎明书生Coco,f,天津,积极
5166107809024072,2025-05-14,0,浙江,"乐观是希望的明灯,它指引着你从危险峡谷中步向坦途",两只清清一只鹅,f,北京,积极
5166107809024072,2025-05-14,0,上海,"骏马扬蹄,踏浪奔腾,展现出无边的壮丽画卷,令人心潮澎湃。",晶家的西西,f,浙江 衢州,积极
5166107809024072,2025-05-14,0,湖南,"早安《给你小心心》祝我们都马到成功,心想事成!《心》",毒毒毒毒唯,f,其他,积极
5166107809024072,2025-05-14,0,新疆,"身为新疆人还没有见过这个场面,新疆还是太大啦《哇》",杨祎010,f,四川,积极
5166107809024072,2025-05-14,0,河南,"愿大家马到成功,心想事成,万事如意!",蓝色对我来说比较有意义_k,f,北京 朝阳区,积极
5166107809024072,2025-05-14,0,湖北,"哇,好震撼,愿马到成功,一马平川,无忧得渡",32家的小草莓,f,湖北,积极
5166107809024072,2025-05-14,0,吉林,"早安!马到成功,所求皆如愿,所行皆坦途",希希沈Mia,f,吉林,积极
5166107809024072,2025-05-14,0,四川,"新疆伊犁,骏马踏浪,浴河奔腾,场面震撼《抱一抱》《抱一抱》",研岸有贝壳咯,f,四川 成都,积极
5166107809024072,2025-05-14,0,黑龙江,马到成功《赞》,用户7974490555,f,其他,积极
5166107809024072,2025-05-14,0,黑龙江,好美,爱吃零食的馍馍,m,黑龙江 绥化,积极
5166107809024072,2025-05-14,0,河南,马到成功!所得皆所愿!,在热带雨林吃松子的红苋菜,f,其他,积极
5166107809024072,2025-05-14,0,河南,马到成功!所得皆所愿!,小困包是面包脑袋,f,其他,积极
5166107809024072,2025-05-14,0,吉林,"愿大家马到成功,所得皆所愿《good》",吐司吃咩咩,f,吉林 松原,积极
5166107809024072,2025-05-14,0,湖南,"每一分自信和优雅的背后,都有一份对梦想的追求和坚持,有时候,成功和失败之间只在一念之差,所以,无论多难,都别轻言放弃,坚持,是一种令人钦佩的能力,更是一种会发光的魅力。",clover_era,f,其他,积极
5166107809024072,2025-05-14,0,河南,"愿大家马到成功,心想事成,万事如意!",小魚冻干_SZE,f,其他,积极
5166107809024072,2025-05-14,0,广东,马到成功,五十步不笑一百步,f,其他,积极
5166107809024072,2025-05-14,0,辽宁,《good》,在天文台玩拼图的奶糖,f,其他,积极
5166107809024072,2025-05-14,0,江苏,震撼 ,老公家老二,f,其他,消极
5166107809024072,2025-05-14,0,四川,"好像画里面的场景,期待好运降临《打call》《打call》",wywms博,m,其他,积极
5166107809024072,2025-05-14,0,广西,马到成功,喝祎口青梅茶,f,其他,积极
5166107809024072,2025-05-14,0,湖北,"早安,祝大家马到成功",在太空采椰果的咖啡,m,其他,积极
5166107809024072,2025-05-14,0,广西,早安!马到成功!《打call》,潘四公子B,f,其他,积极
5166107809024072,2025-05-14,0,广西,早安《送花花》,潘四公子A,f,其他,积极
5166107809024072,2025-05-14,0,黑龙江,"马到成功,一路长虹《笑哈哈》《笑哈哈》《笑哈哈》",途游_拾光记,f,黑龙江,积极
5166107809024072,2025-05-14,0,湖北,"好震撼,愿马到成功所得皆所愿!!",短毛猫的夏天,f,湖北,积极
5166107809024072,2025-05-14,0,贵州,马到成功,小小铁汁1,f,北京,积极
5166107809024072,2025-05-14,0,广西,祝大家马到成功!所愿皆所得!《打call》《打call》,祖鹅今天发自拍了嘛,m,其他,积极
5166107809024072,2025-05-14,0,江西,"愿大家马到成功,心想事成,万事如意!",宋漫柔,f,其他,积极
5166107809024072,2025-05-14,0,安徽,"加油加油马到成功《打call》《打call》《打call》《打call》《打call》所得皆所愿,震撼人心",Daylily811,m,其他,积极
5166107809024072,2025-05-14,0,山西,"好震撼的感觉,希望大家马到成功,所念皆所成《笑哈哈》",栗reborn,f,其他,积极
5166107809024072,2025-05-14,1,江苏,"骏马扬蹄,踏浪奔腾,展现出无边的壮丽画卷,令人心潮澎湃。",祖鹅不凡,f,其他,积极
5166107809024072,2025-05-14,0,上海,愿您无忧 马到成功《心》,柠檬树下等E晚,f,其他,积极
5166107809024072,2025-05-14,0,湖北,"乐观是希望的明灯,它指引着你从危险峡谷中步向坦途",柚稚_ccc,f,其他,积极
5166107809024072,2025-05-14,0,广东,马到功成《兔子》所愿皆所得《兔子》《兔子》《兔子》《兔子》《兔子》《兔子》,_养一只小鹅,f,其他,积极
5166107809024072,2025-05-14,0,浙江,《抱抱》,春天的故事_201506,m,上海,积极
5166107809024072,2025-05-14,0,上海,马到成功《打call》《打call》,江南白衣执剑,m,其他,积极
5166107809024072,2025-05-14,0,安徽,"加油,努力,马到成功,所得皆所愿,所遇皆所求《加油》《加油》《加油》",好啊好啊26,f,其他,积极
5166107809024072,2025-05-14,0,贵州,早上好,范团虾米破防版,f,其他,积极
5166107809024072,2025-05-14,0,福建,早安 马到成功《送花花》,敖一口好甜,f,其他,积极
5166107809024072,2025-05-14,0,广西,"《good》愿大家马到成功,所得皆所愿《good》",Yeuui,m,其他,积极
5166107809024072,2025-05-14,0,浙江,"愿大家马到成功,所得皆所愿《good》",怀里有一只鹅,f,浙江,积极
5166107809024072,2025-05-14,0,河北,"愿大家马到成功,所得皆所愿《打call》《打call》《打call》",清音玥玥,m,其他,积极
5166107809024072,2025-05-14,0,湖南,"早安,马到成功",树莓蛋卷s,f,其他,积极
5166107809024072,2025-05-14,0,广东,"骏马踏浪,浴河奔腾,场面震撼!愿看到的你马到成功",予你清风拂面,f,其他,积极
5166107809024072,2025-05-14,0,吉林,"马到成功,希望自己取得一个好成绩,上一个好大学《给你小心心》",次氺,f,吉林 通化,积极
5166107809024072,2025-05-14,0,江苏,马到成功!所得皆所愿!,呆桃之小桃心,f,江苏,积极
5166107809024072,2025-05-14,0,广东,早安,朝凡暮清,m,其他,积极
5166107809024072,2025-05-14,0,江苏,震撼,讓偶趴在米堆裡叭,f,江苏,消极
5166107809024072,2025-05-14,0,广东,马到成功!所愿皆如愿!,漠河_极光,f,广东,积极
5166107809024072,2025-05-14,0,宁夏,《给力》《给力》《给力》,心愿_23481,f,宁夏,积极
5166107809024072,2025-05-14,0,云南,这是那猴头弼马温放养的天马吧!,canch,m,其他,积极
5166107809024072,2025-05-14,0,重庆,"给我好运气,马到功成,希望今年休假能去新疆看看",万一万一920,f,重庆,积极
5166107809024072,2025-05-14,0,河北,大美昭苏,地平线上235,m,上海 黄浦区,积极
5158526947428229,2025-04-23,1610,福建,看看奢华版城市,战总红顶天下,m,福建,积极
5158526947428229,2025-04-23,1582,云南,"太妙了,既有深厚的历史底蕴,又有现代都市的风采",机会是靠自己争取dede,m,云南,积极
5158526947428229,2025-04-23,1564,黑龙江,澳门的建筑很有特色,幸福的猫绒绒,f,黑龙江 哈尔滨,积极
5158526947428229,2025-04-23,1468,贵州,澳门的建筑确实太让人惊艳了,小兔饲养员ny,f,湖北,积极
5158526947428229,2025-04-23,1503,河南,哇,黎淞雾漫予,f,其他,积极
5158526947428229,2025-04-23,1233,河南,"满满的奢华贵气感,期待去打卡",昵称改成实名性,f,其他,积极
5158526947428229,2025-04-25,1155,河北,风景很好,暗涩剂,f,其他,积极
5158526947428229,2025-04-23,955,北京,《赞》,毛乌素的骆驼,m,北京,积极
5158526947428229,2025-04-23,814,云南,"澳门的这些建筑不仅仅是外观的金碧辉煌,更蕴涵着深厚的历史文化底蕴",柚花清甜hu,f,云南,积极
5158526947428229,2025-04-25,539,天津,周五愉快《老师爱你》,黄瓜玉,f,天津,积极
5158526947428229,2025-04-25,511,天津,晚上好晚上好,黄瓜玉,f,天津,积极
5158526947428229,2025-04-25,395,河北,米米嘟,金陵在夏天_鞠婧祎,f,其他,积极
5158526947428229,2025-04-24,229,山东,景色不错,磕颜剧,f,山东,积极
5158526947428229,2025-04-23,111,广东,哇塞《好爱哦》,冬瓜呗呗,f,广东,积极
5158526947428229,2025-04-23,81,山东,这也太美了,磕颜剧,f,山东,积极
5158526947428229,2025-04-23,52,黑龙江,澳门对我来说就像古堡里的梦幻世界《有票了》,秦桉桉r,f,黑龙江 哈尔滨,积极
5158526947428229,2025-04-24,140,辽宁,美美的,王诺曦aa,f,辽宁,积极
5158526947428229,2025-04-23,6,黑龙江,"求具体坐标,我也去打卡",咖咖努力吧,f,海外 韩国,积极
5158526947428229,2025-04-23,16,云南,这个城堡就像梦幻世界一样,我是J幸运儿,f,云南 昭通,积极
5158526947428229,2025-04-23,3,云南,这样纸醉金迷的梦幻太棒了,奶油小可爱V,m,其他,积极
5158526947428229,2025-04-23,1,黑龙江,澳门🇲🇴真的别具一格《good》,奶呼呼小狐狸,m,其他,积极
5158526947428229,2025-04-23,3,北京,好喜欢这样的建筑呀!这也太壮观了。,心中自有小太阳1,f,北京,积极
5158526947428229,2025-04-23,6,河南,澳门的奢华建筑就像一部经典的电影,海岸悦薇,f,广东 佛山,积极
5158526947428229,2025-04-23,2,云南,澳门的奢华建筑太有韵味了,最爱吃芒果的榴莲懋釁護,f,北京 东城区,积极
5158526947428229,2025-04-23,1,云南,"充满了文化的韵味,意境十足",爱的模式www,m,云南 昭通,积极
5158526947428229,2025-04-23,1,北京,这些建筑无一不彰显着它的奢华与神秘,泪眼湿朦胧,m,北京,积极
5158526947428229,2025-04-24,0,广东,金碧辉煌,是叶向晴,f,广东 珠海,积极
5158526947428229,2025-04-23,0,青海,"应该多拍点照留念一下,这绝美的城市夜晚",你若平安就是幸福,f,云南,积极
5158526947428229,2025-04-23,0,北京,满满的奢华贵气,一只小虎鸭,f,北京,积极
5158526947428229,2025-04-23,0,河南,期待去澳门感受这份奢华《憧憬》,阿巴阿巴懒得取名字,f,其他,积极
5158526947428229,2025-04-23,0,广西,"真的金碧辉煌,仿佛电影里的感觉",天生一副笑模样,f,天津 和平区,积极
5158526947428229,2025-04-23,0,辽宁,"澳门的这种奢华的建筑真是看一次,喜欢一次。",西兮1204,f,辽宁,积极
5158526947428229,2025-04-23,0,青海,五彩斑斓的建筑让人沉醉不已,数码小先生9,m,云南 昭通,积极
5158526947428229,2025-04-23,1,黑龙江,"看完实拍之后,好想去澳门了",猫儿也绒绒,m,其他,积极
5158526947428229,2025-04-23,0,青海,城市的夜晚是一幅流光溢彩的油画啦,跳跳糖EE,m,福建 福州,积极
5158526947428229,2025-04-24,0,广东,"十赌九输,虚幻的追求不到的。",newopp123,f,广东 广州,积极
5158526947428229,2025-04-23,1,湖南,这里好像公主的城堡呀!,你给的大饼,f,其他,积极
5158526947428229,2025-04-23,0,云南,每一步都散发着独特的文化韵味,XxLl心心念念,f,云南 昭通,积极
5158526947428229,2025-04-23,2,黑龙江,这就是纸醉金迷照进现实了吧,汤圆小朋友D,f,辽宁,积极
5158526947428229,2025-05-12,1,缅甸,澳门同款《握手》游戏《good》,新盛厅里负责人,m,海外 其他,积极
5158526947428229,2025-04-26,0,泰国,风景很美人也美《good》,曦晨202511,m,云南,积极
5158526947428229,2025-04-23,0,云南,"澳门的奢华建筑真的像是一部流动的史诗电影,值得细品",Crazy_24187,f,重庆 巴南区,积极
5158526947428229,2025-04-23,1,湖北,澳门金碧辉煌的建筑真的满是奢华贵气,hl电量不足,f,云南,积极
5158526947428229,2025-05-07,0,四川,晚上好《鲜花》,布哈拉丝绸游台湾,m,四川,积极
5158526947428229,2025-04-25,0,四川,周末愉快《鲜花》《鲜花》《鲜花》,布哈拉丝绸游台湾,m,四川,积极
5158526947428229,2025-04-23,0,四川,好悠闲《good》,布哈拉丝绸游台湾,m,四川,积极
5163356399602199,2025-05-06,167,广东,"想问一下,如果我带十万元人民币过去那是不是变成了当地的富豪……",冲浪青年小糖,f,北京,积极
5163356399602199,2025-05-06,2596,广东,突然觉得12小时两班倒也没那么苦了《泪》《泪》《泪》,橘有夏,f,广东,消极
5163356399602199,2025-05-06,352,广东,生在中国 是非常幸福的事情 比他们富裕太多啦 反正我很知足了,元气少女娲德缸,f,广东 广州,积极
5163356399602199,2025-05-06,39,广东,"我带二万人民币,去那边算不算富人《允悲》《允悲》",李响响日记,f,江苏,消极
5163356399602199,2025-05-06,53,广东,这个小女孩子真是美人坯子,综艺安利娘,m,广东,积极
5163356399602199,2025-05-06,84,广东,"真牛逼,这么恐怖地方都敢来",李纪颜,f,其他,消极
5163356399602199,2025-05-06,82,江苏,"这个父亲看起来是比较老实的那种了,很少看到面相这么舒服的孟加拉人了。博主被看上也很正常,相比他们长得很白,又有钱。如果女儿不嫁人,迟早也会被黑帮盯上,还不如早点嫁个有钱的。",嘛气的黑眼圈,f,江苏 南京,积极
5163356399602199,2025-05-06,51,广东,"这女孩可以,她妈那么大年纪!面相还是挺漂亮的!",彬彬不冰,f,北京 东城区,积极
5163356399602199,2025-05-06,6,广东,她们为什么不反抗?,李茜芊,f,其他,消极
5163356399602199,2025-05-06,12,河南,外面的世界这么可怕的吗!!?,橘柚柚柚柚a,f,重庆 沙坪坝区,消极
5163356399602199,2025-05-06,21,广东,"这女孩可以,她妈那么大年纪!面相还是挺漂亮的!",李响响的日记,f,其他,积极
5163356399602199,2025-05-06,15,广东,"他们太苦了,有联系方式嘛,我想让他们给我捐点钱《doge》",职场青年小张,f,湖南,积极
5163356399602199,2025-05-06,14,江苏,看了这个视频觉得杜克简直是圣人,名不容易,m,江苏 南京,消极
5163356399602199,2025-05-06,31,上海,旋转木马和摩天轮都是人工的《允悲》,南有樟木,f,海外,积极
5163356399602199,2025-05-06,22,广东,那种地方你能住一晚很多人会佩服你,野生苡苡子,f,广东,积极
5163356399602199,2025-05-06,22,广西,苦的人到处都有 我们珍惜当下吧,圆赞圆,f,其他,积极
5163356399602199,2025-05-06,16,河南,一晚上挤20个人也太吓人了吧《跪了》,鸭蛋向前冲鸭,f,其他,消极
5163356399602199,2025-05-06,30,山东,我肯定是上辈子做了很多好事才能投胎到中国《苦涩》,就爱吃面条怎么了886,m,其他,积极
5163356399602199,2025-05-06,7,陕西,好吓人啊!我现在是一点都不敢出国了。,从前爱你很久m,f,陕西 商洛,消极
5163356399602199,2025-05-07,1,重庆,"人可以穷,但是有勤劳的双手可以改造环境,垃圾不可以清理掉?人可以穷,但不能没有尊重,农民伯伯穿着破旧蓝布衫和草鞋能进不了中国的kfc,甚至会有很人给他买单吧。善良和勤劳是中华民族的传统美德。",无敌小蛮蛮麻麻,f,重庆 万州区,积极
5163356399602199,2025-05-06,17,河南,还是觉得身为中国人很幸福了,八点开始上班,m,河南,积极
5163356399602199,2025-05-06,14,四川,反正我是不打算出国的 我们国家好玩的地方多着呢,一只会飞的大熊kid,f,四川 德阳,积极
5163356399602199,2025-05-07,19,上海,"有时感觉,一些国人在国外,透着一股被国内保护得太好,不知世事艰难险恶的清澈鱼唇《允悲》",一清一尘观,f,其他,积极
5163356399602199,2025-05-06,8,浙江,看的我一时之间语塞了,躺平就好嘻嘻,f,浙江,消极
5163356399602199,2025-05-06,0,湖北,这博主叫啥呀,士郎小天使,m,湖北 宜昌,积极
5163356399602199,2025-05-06,3,安徽,这个国家的环境也太差了吧《二哈》,东北老农民艾瑞克,f,安徽 合肥,积极
5163356399602199,2025-05-07,8,黑龙江,国家的强大多么重要,青身墨心,m,其他,积极
5163356399602199,2025-05-06,8,广西,"生为中国人非常幸福,五一去了我们广西最美的高速,最美的国道。",数据漫说,m,广东 深圳,积极
5163356399602199,2025-05-06,3,四川,女孩子还是不要去这些地方,城南城北远,f,四川 成都,消极
5163356399602199,2025-05-07,9,陕西,开门看了一眼夜景。回家感恩生活。,长安夜未央s,f,陕西 西安,积极
5163356399602199,2025-05-07,1,重庆,"我14年去那里出过差,一个女的,兜里揣了2万多达卡,一路很多人给我要钱,到了机场甚至给我要过路费,还是机场工作人员,我问他们理由,他们说因为我很富有,当初破防骂街了《允悲》《允悲》《允悲》",蜗牛噶,m,广东 深圳,消极
5163356399602199,2025-05-06,16,广东,这种地方女孩儿长得漂亮可能反而是一种祸患…,一汪白月爬上岸,m,浙江,消极
5163356399602199,2025-05-06,3,广东,这也太可怕了,ffyytt_123,f,广东 汕头,消极
5163356399602199,2025-05-06,3,江西,这也太吓人了吧,老天爷我真的好喜欢他,f,其他,积极
5163356399602199,2025-05-06,3,山东,"我嘞个豆,还是要住安全一点的酒店",抱yi下小熊,f,山东,积极
5163356399602199,2025-05-07,6,天津,"卧槽,人力摩天轮《doge》",我想边吃边减肥,m,海外,积极
5163356399602199,2025-05-06,2,四川,不是《苦涩》有点吓人的,千金纵买相如赋-,f,其他,积极
5163356399602199,2025-05-06,2,广东,"对比起来,真觉得自己幸福太多了",Jay丨Zhang,m,广东,消极
5163356399602199,2025-05-06,2,福建,这是文字吗。。我怎么不理解《晕》,蛋挞青芒,f,其他,消极
5163356399602199,2025-05-06,1,浙江,"我都不敢出国了,还是国内安全《haha》",暖心冬季日记本,f,浙江 衢州,积极
5163356399602199,2025-05-07,9,上海,"他们家几个女孩都挺漂亮的,出生在那样的环境里,有点担心她们",薇薇_bonnie,f,江苏,消极
5163356399602199,2025-05-06,2,浙江,还是咱们国内安全《羞嗒嗒》,奶糖小熊人,f,其他,积极
5163356399602199,2025-05-06,3,广东,宁愿在外面随便搭个帐篷。,小人精迪迪,m,四川 甘孜,消极
5163356399602199,2025-05-07,0,辽宁,"手动摩天轮,有点费人啊",冬日初晨J,f,辽宁 沈阳,积极
5163356399602199,2025-05-07,0,湖北,越穷越有人情味《并不简单》,一陰一陽之為道,m,湖北 武汉,积极
5163356399602199,2025-05-07,0,河南,《傻眼》《傻眼》《傻眼》《傻眼》,_都别来烦我_1_,f,其他,积极
5163356399602199,2025-05-07,0,福建,😱,盛夏77777,f,其他,消极
5163356399602199,2025-05-07,0,湖南,😂,闯非洲小胖,m,海外,积极
5163356399602199,2025-05-07,4,黑龙江,"想了解孟加拉可以看b站杜克环游世界,有好几期",宁嘉炎,f,黑龙江,积极
5163356399602199,2025-05-06,0,浙江,牛了白《good》,小北森森,m,浙江,积极
5163356399602199,2025-05-06,4,广西,保安不给进太经典啦,一大呏亘,m,海外,积极
5163356399602199,2025-05-07,5,浙江,躺着的大哥 睡觉 还把凉拖整手上 估计是怕偷吧《泪》《泪》《泪》,壳大mr,f,江苏 苏州,消极
5163356399602199,2025-05-07,1,湖南,"笑死了,上次去剪头被理发师亲了好几下的是不是你《允悲》",晚安掰子,m,湖南 长沙,积极
5163356399602199,2025-05-07,1,江苏,"最后还是住好点了是吧,要不然真的住不下去",ToUgHjOkErHeArT,f,江苏,消极
5163356399602199,2025-05-06,1,河南,我还是待在中国吧,龙猫小乐,f,河南 安阳,积极
5163356399602199,2025-05-08,0,江苏,给我钱我都不住,我是蜗牛慢慢爬你们别丢下我,m,江苏 苏州,消极
5163356399602199,2025-05-07,0,浙江,"一个床要挤20人,我出六块钱把这张床包了可以吗?",拿铁不是咖啡V,f,浙江,消极
5163356399602199,2025-05-07,1,浙江,没被强奸就不错了《允悲》,小谢不忘丧其元,m,浙江,消极
5163356399602199,2025-05-07,0,浙江,"生于华夏,真的很幸福!",伊伊北北,f,浙江,积极
5163356399602199,2025-05-07,0,天津,晚上安全吗?男孩也要保护好自己啊,RR2610712,m,其他,积极
5163356399602199,2025-05-07,0,江苏,"子安可以啊,现在居然上热搜了",炒b日记,m,江苏,积极
5163356399602199,2025-05-07,0,山东, 非人哉的赛道《二哈》好日子过腻了熏刺激的可以去试逝。就问这是图什么《doge》啊!,财红袖,f,山东 潍坊,积极
5163356399602199,2025-05-07,0,山东,可怕,阿魔的兔兔老公,f,其他,消极
5163356399602199,2025-05-07,0,浙江,"记者,我就服你",杭城阿良,m,浙江 杭州,积极
5163356399602199,2025-05-07,1,北京,当地人反正是知道这个博主说的不是啥好话,孟浩平,m,北京 海淀区,积极
5163356399602199,2025-05-07,0,海南," 苍天,看到大通铺的时候吓一跳,不怕被那啥吗,可能几十年前刚开放,打工的时候会有这种情况,现在哪里还有这样的",莱嘉亿菜,f,海南 海口,消极
5163356399602199,2025-05-06,0,北京,"胆子真大《good》,我连看都看不下去了",后燕慕容垂,m,其他,积极
5163356399602199,2025-05-06,0,北京,这博主是个狠人!,老和山老司机,m,北京 海淀区,积极
5163356399602199,2025-05-06,4,上海,"这和睡桥底有啥区别,桥底还不臭《允悲》《允悲》《允悲》《允悲》",灰灰是只猫518,f,上海,积极
5163356399602199,2025-05-06,0,河南,看来国外没我们想的那么好《笑cry》,奶茶续命专员,f,河南 安阳,消极
5163356399602199,2025-05-06,0,浙江,天啊太可怕了吧,等风热恋_,f,其他,消极
5163356399602199,2025-05-06,0,上海,隔着屏幕都觉得好可怕《苦涩》,boombascow,f,其他,消极
5163356399602199,2025-05-07,2,广东,"有些人说中国发展是靠加入wto才发展起来的。然而比中国还早几年加入wto的有印度,孟加拉国,巴基斯坦,塞内加尔,乌拉圭,阿根廷,津巴布韦,巴西,缅甸,尼日利亚,菲律宾.........《嘻嘻》",田园的围脖,m,广东 佛山,积极
5163356399602199,2025-05-08,1,湖北,"学douk的拍摄内容,还学的稀里煳涂,拍的一团糟。",肖战粉丝基本上都是弱zi,m,广东,积极
5163356399602199,2025-05-08,1,湖北,"这个博主完全抄袭别人视频,没人告他吗",styzchen,m,其他,消极
5163356399602199,2025-05-08,1,上海,那个车夫叔叔的眼神是我看那么多印度孟加拉视频里比较清澈的了,不皱眉头行不行LStar,f,江苏,积极
5163356399602199,2025-05-08,1,江苏,为什么不睡在野外,挽起日落-,m,四川 成都,消极
5163356399602199,2025-05-08,1,江西,我在孟三年白天都不去这种地方,不愿意透露姓名的邓先生,m,江西 南昌,消极
5163356399602199,2025-05-07,1,浙江,父亲希望女儿嫁个条件好点的人过上好日子吧,TurtleOluMel,f,山东 日照,积极
5163356399602199,2025-05-07,1,上海,正常人也不会去那里旅游吧《开学季》,小小米娜米,f,海外,积极
5163356399602199,2025-05-07,1,陕西,感谢让我亲生在中国 🇨🇳,失其鹿LuLu,f,北京,积极
5163356399602199,2025-05-07,1,广东,是不是对酒店有什么误解啊《费解》《费解》《费解》,残影带月LYQ,m,广东,消极
5163356399602199,2025-05-07,1,江苏,"这主播说话一点不尊重人,自己非要去凑3毛一晚的,一顿吐槽!人力车夫为了生活卖苦力,住得那么差也是迫不得己,人家住在垃圾堆边的铁皮房也是生活所迫。嘲笑别人贫穷,肮脏,他更肮脏,拍摄底层民众的难堪窘迫这是什么高尚行为《并不简单》",堇荼如饴风禾起,f,其他,消极
5163356399602199,2025-05-07,1,广东,《苦涩》忽然觉得加班也没那么苦了《苦涩》,竹笋顶翻小熊猫,f,广东,积极
5163356399602199,2025-05-07,2,河北,认识个那边富人,热河小哥,m,河北 承德,积极
5163356399602199,2025-05-07,1,孟加拉,夸张了,平凡的六先生Eason,m,其他,积极
5163356399602199,2025-05-07,1,广东,"又是抄袭另一个博主的,然后没苦硬吃.搞不懂这视频意义在哪里?",leeysung,m,浙江 金华,消极
5163356399602199,2025-05-07,1,四川,可不可以就睡露天坝《允悲》《允悲》《允悲》,瞎猫57889,m,其他,积极
5163356399602199,2025-05-06,1,四川,"明天去公司我要好好上班,努力点工作,不要摸鱼…… 哈哈哈谁说不是呢 突然觉得12小时两班倒也没那么苦了《泪》《泪》《泪》",小猪佩奇在吃五花肉,f,四川 成都,消极
5163356399602199,2025-05-06,1,山东,他们好像能听懂中国话,贤少,m,山东 青岛,积极
5163356399602199,2025-05-06,1,山西,女儿挺好看就是黑了点,Maybach丶S,m,山西,积极
5163356399602199,2025-05-06,1,湖北,"这种生活环境也能生几个孩子,佩服",-不要香菜加点辣-,f,其他,消极
5163356399602199,2025-05-06,1,湖北,"如何忍住不说 ""fine thank you 安丢 ""的? 《吃瓜》《吃瓜》《吃瓜》",猴只酱,f,湖北 武汉,积极
5163356399602199,2025-05-10,0,江苏,华莱士 开过去《怒》《怒》,Dios宅男-商小梁,m,黑龙江 哈尔滨,消极
5163356399602199,2025-05-08,0,湖北,这女孩很美啊,淡定的超哥,m,广东 深圳,积极
5163356399602199,2025-05-08,0,广西,看得我心酸,青青玉木,f,广东,消极
5163356399602199,2025-05-08,0,山东,杜克已经发过了,鹿Luu,f,山东 青岛,积极
5163356399602199,2025-05-08,0,上海,"好家伙哈哈哈哈,什么样的人才能挑战成功《doge》",东方瑞彤,m,其他,积极
5163356399602199,2025-05-08,0,重庆,想想一哥,专治各种熊孩子不服,m,重庆,积极
5163356399602199,2025-05-08,0,浙江,这个世界本身就很多的不公平,我爱我自己1123,m,其他,消极
5163356399602199,2025-05-08,0,广东,湖北的子安几时出国旅播了?,516建廷,m,广东 广州,积极
5163356399602199,2025-05-08,0,广东,酒店《允悲》,XLya6688,f,广东 广州,积极
5163356399602199,2025-05-08,0,黑龙江,缅甸诈骗园区也没这么艰苦啊《允悲》,HelloMoto198301,m,其他,消极
5163356399602199,2025-05-08,0,湖南,太漂亮了女孩,夏白橙_Gardenia,f,海外,积极
5163356399602199,2025-05-08,0,河南,"你不是去体会别人的苦难,你是去耍猴,go to hell",HandsomeZhao,m,河南 郑州,积极
5163356399602199,2025-05-07,0,广东,孟加拉就是以前印巴战争分离出来的《doge》,Super丶满满,m,广东 珠海,积极
5163356399602199,2025-05-07,0,四川,太落后了,驿外断桥01,m,四川 成都,消极
5163356399602199,2025-05-07,0,广西,"我们再穷,也不会住在垃圾场啊《单身狗》《单身狗》《单身狗》《单身狗》",烤奶加椰果粒,f,广西 南宁,消极
5163356399602199,2025-05-07,0,河北,"女孩子们好可怜,黑到中国打工都比在那强",jhy3399,m,其他,积极
5163356399602199,2025-05-07,0,广东,"随你怎么说,反正别人也不知道",Nancy何小姐,f,其他,积极
5163356399602199,2025-05-07,0,广西,"那个生活环境看起来像噩梦一样,看到他们很卑微的吃肯德基的时候我一下子眼泪就流了,如果他们国家也能像卢旺达一样被我们帮助多好",好多田好多产,f,其他,积极
5163356399602199,2025-05-07,0,湖南,"南亚几个国家其实都差不多,区别只是谁的资源更多一点",痞子绅士_道上靓仔,m,湖南,积极
5163356399602199,2025-05-07,0,上海,"可怜的女孩子,谁把她娶来中国吧《傻眼》",愿时光能缓故人不散阿,f,上海,消极
5163356399602199,2025-05-07,0,重庆,工地的规范是禁止设置通铺《笑cry》《笑cry》,布鲁007008,m,青海,消极
5163356399602199,2025-05-07,0,福建,想去那边找老婆了!!,是语过添情啊,m,福建 莆田,积极
5163356399602199,2025-05-07,0,广东,"当地不让进就不让进,你改变不可任何,非要带人家进去有意义吗?在你眼里她是个快餐,在那里就是富人吃的东西,你也是有问题。",哇哇噜噜的小仙女,m,海外,消极
5163356399602199,2025-05-07,0,河北,这看着感觉怎么有点儿模仿杜克的视频了《思考》,活的明白才能尽兴,m,其他,积极
5163356399602199,2025-05-07,0,上海,穷得超出想象,daishishangai,f,河南,消极
5163356399602199,2025-05-07,0,上海,孟加拉其实也是阿三,辉月_初七_1,f,其他,积极
5163356399602199,2025-05-07,0,山东,每一个中国人去哪里都是大富豪吧,山长水阔的农场,f,山东 淄博,积极
5163356399602199,2025-05-07,0,四川,不敢死 怕投胎到这,只谓长如此,m,上海,消极
5163356399602199,2025-05-07,0,澳大利亚,视频出处哪里,应Sandra,f,海外,积极
5163356399602199,2025-05-07,0,江苏,这感觉是拿女儿卖的,澧都神荼帝君,f,其他,积极
5163356399602199,2025-05-07,0,广东,"很没有家教,指着人家",我也是如此的,m,陕西 西安,消极
5163356399602199,2025-05-07,0,孟加拉,"我服了,孟加拉别搞工业了搞合作猎奇旅游,再来搞个网红直播算了",荧光物质,f,浙江 绍兴,积极
5163356399602199,2025-05-07,0,河北,"还是有种姓制度的,不是你有钱就想进的。",独坐幽篁2019,f,天津,积极
5163356399602199,2025-05-07,0,北京,印蛆的同类邻居,无名可名无道可道,m,其他,积极
5163356399602199,2025-05-07,0,上海,还不如睡露天《哈哈》,梦随云龙m,f,上海 黄浦区,积极
5163356399602199,2025-05-07,0,吉林,"这是从泰国或者缅甸转移阵地,继续嘎腰子了,这段时间疯狂推流了《doge》",晚霞是浪漫的告白,m,吉林 长春,积极
5163356399602199,2025-05-07,0,广东,我15年前也没吃过汉堡,AG_50,m,其他,消极
5163356399602199,2025-05-07,0,山西,这个人是在学杜克和一哥吗《微笑》《微笑》《微笑》,独孤一摩猪,f,其他,积极
5163356399602199,2025-05-07,0,四川,开封菜还是不便宜了,希言V自然,m,四川 德阳,消极
5163356399602199,2025-05-07,0,四川,"随便说,不用怕挨打,他们听不懂你在说啥,还以为你在夸他们呢《doge》",希言V自然,m,四川 德阳,积极
5163356399602199,2025-05-07,0,浙江,"不算,因为去当天就会变成穷光蛋",沉之于梁,m,浙江 杭州,消极
5163356399602199,2025-05-07,0,河南,这个河水也能喝?《汗》,一句人间治愈的话,f,河南,消极
5163356399602199,2025-05-07,0,湖北,没苦硬吃,撸猫酱2011,m,广东 深圳,积极
5163356399602199,2025-05-07,0,福建,妹子好漂亮啊,闲鱼小小只,f,其他,积极
5163356399602199,2025-05-07,0,浙江,手动摩天轮《允悲》《允悲》《允悲》,Anna家的灵儿,f,浙江 宁波,积极
5163356399602199,2025-05-07,0,广东,你管这叫酒店《允悲》《允悲》,yh-jjjl,f,广东,消极
5163356399602199,2025-05-07,0,贵州,"太黑暗了,就算自己拼命挣钱想给家人盖房子改善生活还得给当地黑帮交钱……真的太黑暗了《泪》",这是热血的感觉,m,贵州 遵义,消极
5163356399602199,2025-05-07,0,上海,你管这叫酒店?《偷笑》,想拥有超钝感的m,f,其他,积极
5163356399602199,2025-05-07,0,加拿大,这个博主叫什么?,Wherenext,f,陕西 西安,积极
5163356399602199,2025-05-07,0,湖北, 在国内好歹是安全的《笑cry》 突然觉得12小时两班倒也没那么苦了《泪》《泪》《泪》,yyli,f,其他,消极
5163356399602199,2025-05-07,0,吉林,"有城市宾馆你不住,非得住在贫民窟。",风控过关,m,其他,积极
5163356399602199,2025-05-07,0,浙江,这里的女孩子很漂亮啊。可以娶这边的女孩子回家养着吗?《嘻嘻》《嘻嘻》,落and小樱,f,浙江,积极
5163356399602199,2025-05-07,0,浙江,"我突然觉得我一个月房租900,两室一厅简直便宜的不行",iris000555,f,其他,消极
5163356399602199,2025-05-07,0,广东,还不如中国天桥底下《doge》,不知道改什么昵称jm,f,其他,积极
5163356399602199,2025-05-07,0,广东,《衰》《衰》,我真乖仔,m,广东 广州,消极
5163356399602199,2025-05-07,0,上海,没苦硬吃,__________满汗全席,m,其他,积极
5163356399602199,2025-05-07,0,黑龙江,都不如睡外面,小米雀h,m,黑龙江 双鸭山,积极
5163356399602199,2025-05-07,0,湖北,太黑人了,我是田田田田田老师,f,湖北,消极
5163356399602199,2025-05-07,0,越南,他穿的也没问题啊 难道吃kfc还要dresscode,有key鱼,f,北京,积极
5163356399602199,2025-05-07,0,广东,一定要爱自己的祖国和伟大的劳动人民。《泪》《泪》《泪》《泪》教会孩子热爱中国,叶子-ALin,f,广东,消极
5163356399602199,2025-05-07,0,吉林,"这叫""酒店""?????",和垚卿鑫,m,吉林 长春,积极
5163356399602199,2025-05-07,0,湖南,3毛钱?我们睡到80岁,OGHLO,m,湖南,积极
5163356399602199,2025-05-07,0,澳大利亚,手动摩天轮🎡《笑cry》,设计界的怪阿姨,f,海外 澳大利亚,消极
5163356399602199,2025-05-07,0,浙江,哎 太苦了,-阿Moon,f,浙江 台州,消极
5163356399602199,2025-05-07,0,上海,女孩挺漂亮的,小熊饼干爱吃公司保安,f,上海,积极
5163356399602199,2025-05-07,0,上海,可以贿赂一下保安,小熊饼干爱吃公司保安,f,上海,消极
5163356399602199,2025-05-07,0,湖南,"我去,游乐园都是人力的呀《二哈》",我的名字比微博上的都要长很多,f,湖南,积极
5163356399602199,2025-05-07,0,山西,"住这种地方,得病几率太高了",天翔1985,m,河北 沧州,消极
5163356399602199,2025-05-07,0,重庆,好脏,骑着单车追火星,f,其他,积极
5163356399602199,2025-05-07,0,四川,3毛是非花不可的吗,A0走全球生活体验馆,f,四川 成都,积极
5163356399602199,2025-05-07,0,江苏,所以珍惜生活吧,固始里的小黄花,m,河南 信阳,积极
5163356399602199,2025-05-07,0,广东,摩天轮时手动的?,一楼热心市民,f,北京,积极
5163356399602199,2025-05-07,0,江苏,人力摩天轮《思考》《思考》《思考》,堇荼如饴风禾起,f,其他,积极
5163356399602199,2025-05-07,0,浙江,心情复杂,月河iii,f,浙江,消极
5163356399602199,2025-05-07,0,云南,摩天轮还是手动版本《淡淡的》,Rjm-,m,云南 昆明,积极
5163356399602199,2025-05-07,1,北京,阿弥陀佛,宝财童子2,m,海外 美国,积极
5163356399602199,2025-05-07,0,福建,给我钱我都不想住,我真是太帅辣辣,m,其他,消极
5163356399602199,2025-05-07,0,江苏,这和睡在路边有什么区别,冷月星1949,m,江苏 盐城,积极
5163356399602199,2025-05-07,0,浙江,说🐔不说8《污》,丶悠琪,f,海外 其他,消极
5163356399602199,2025-05-07,0,山东,睡觉的时候裤带要勒得紧紧的,_TieZhi,m,其他,积极
5163356399602199,2025-05-07,0,云南,博主叫什么名字,紫雨落泪Recheal,f,云南 大理,积极
5163356399602199,2025-05-07,0,安徽,4人间你5块钱包下来不就完了《笑cry》,百舞hoo,f,安徽 马鞍山,消极
5163356399602199,2025-05-07,0,四川,这能称为酒店吗请问?,trytrytrya,m,四川 成都,积极
5163356399602199,2025-05-07,0,广东,"这就是歌颂苦难吗?都是辛苦,干嘛要对比,不跟好的对比老跟差的对比,那不越活越回去了吗?最讨厌你们这种歌颂苦难的博主。",一只Marlboro,m,广东,积极
5163356399602199,2025-05-07,0,湖南,我怎么感觉我是富人《允悲》,喜欢微博吃瓜的小观众,f,湖南 长沙,消极
5163356399602199,2025-05-07,0,湖南,招待所更贴切吧,喜欢微博吃瓜的小观众,f,湖南 长沙,积极
5163356399602199,2025-05-07,0,浙江,为什么汉堡这么大??,花飞无翼,m,浙江 宁波,积极
5163356399602199,2025-05-07,0,广东,"天啊,难以想象……",凝萱儿的夏天,f,广东,积极
5163356399602199,2025-05-07,0,广东,勇敢!《good》,茵茵蓓蕾,f,广东 广州,积极
5163356399602199,2025-05-07,0,上海,垃圾堆旁的河挺清澈啊,time---space,f,其他,消极
5163356399602199,2025-05-07,0,江苏,"当地kfc真良心,可乐直接给瓶装的,不像我们这边,一瓶倒出两杯,一杯还收我两瓶的钱《挖鼻》",铁塔古大車,m,江苏 南京,积极
5163356399602199,2025-05-07,0,广西,这这这。。。,鑫川湖,m,广西,消极
5163356399602199,2025-05-07,0,福建,去干啥?找罪受吗,是林米米呀,f,其他,消极
5163356399602199,2025-05-07,0,陕西,人工旋转木马《笑cry》,台辣妹蔡蔡子,m,广东 广州,消极
5163356399602199,2025-05-07,0,湖北,这比我们村的招待所都不如《二哈》,啊瑜瑜瑜yy,m,湖北,积极
5163356399602199,2025-05-07,0,安徽,不是 摩天轮🎡居然是人力的吗?,KyoKyo923,f,海外 其他,积极
5163356399602199,2025-05-07,0,湖北,《跪了》,_孤亦是君,m,其他,消极
5163356399602199,2025-05-07,0,山东,解放前的大车店《二哈》,猫与马克杯,m,北京,积极
5163356399602199,2025-05-07,0,广东,有原博账号吗,敏敏敏敏vv,f,海外 新加坡,积极
5163356399602199,2025-05-07,0,四川,要加油了啊同志们,妖鲜灼,m,四川 成都,积极
5163356399602199,2025-05-07,0,江苏,这个女孩好美 眼睛好大《二哈》,冒险是信仰,m,江苏 无锡,积极
5163356399602199,2025-05-07,0,山东,突然觉得12小时两班倒也没那么苦了《泪》《泪》《泪》,有点意思文宏兄,m,山东,消极
5163356399602199,2025-05-07,0,山东,"这个有没有博主的账户。想去看看,其他视频",犹太牌肥皂,m,其他,积极
5163356399602199,2025-05-07,0,山东,"住干净房子,吃饱穿暖,已经超过好多人",犹太牌肥皂,m,其他,消极
5163356399602199,2025-05-07,0,上海,确实苦,肉马克思,m,上海 浦东新区,积极
5163356399602199,2025-05-07,0,四川,"请指路原视频博主,想再看看其它视频",啊呜的月亮,f,其他,积极
5163356399602199,2025-05-06,0,广东,"还是吊脚楼,不错《doge》《doge》",芝士树莓酱,f,北京,积极
5163356399602199,2025-05-06,0,浙江,孟加拉人口密度是印度的三倍,熊无竹,m,浙江,积极
5163356399602199,2025-05-06,1,贵州,"这个拍摄的博主还挺有素质的,一听女孩16岁就说不可以娶她。不过她长大点要是能娶了她也能脱离苦海了,看这个环境真的太苦了",西岐的梧桐,f,其他,积极
5163356399602199,2025-05-06,0,湖北,想想自己真是太太太幸福了。没有对比就没有伤害。想哭哭不出来……《悲伤》,Rachelyummy,f,其他,消极
5163356399602199,2025-05-06,0,中国台湾,这是谁的影片啊?想去看看,zsyp19967,m,其他,积极
5163356399602199,2025-05-06,0,云南,哈哈哈哈哈哈幸福需要对比 突然觉得12小时两班倒也没那么苦了《泪》《泪》《泪》,棒棒的小胖子不胖啦,f,云南,消极
5163356399602199,2025-05-06,0,广东,死恋童癖赶紧死了吧,AgGian,f,广东 汕头,积极
5163356399602199,2025-05-07,0,江苏,"天呐,中国好多单身汉啊过去娶吧",肥肥很想瘦,f,其他,积极
5163356399602199,2025-05-07,2,安徽,"我在网上看过很多孟加拉国的视频,这个国家的肮脏程度比印度还得高一个档次《苦涩》",朱罗纪恐龙,m,海外 意大利,消极
5163356399602199,2025-05-06,1,广西,手动摩天轮《笑cry》,目前暂时没有改名字的打算,f,江西,消极
5163356399602199,2025-05-08,0,贵州,真的勇士。,山区玩家徐教授,m,贵州,积极
5163356399602199,2025-05-07,0,四川,拍别人疾苦也是有流量了,这什么名,m,四川,积极
5163356399602199,2025-05-07,0,上海,"冷知识,孟加拉是一夫多妻",Flyaway9984,f,其他,积极
5163356399602199,2025-05-08,2,西班牙,这个人赚自媒体的钱我是一点都不眼红《揣手》那床真是说躺就躺啊,jenniii111,m,其他,积极
5163356399602199,2025-05-06,1,广西,"哎世界上很多地方太苦了太苦了,我们被🇨🇳保护的很好,要知足",面具下的百分之八,f,重庆,积极
5163356399602199,2025-05-11,0,福建,怎么指着别人讲话……,溏心886,m,其他,消极
5163356399602199,2025-05-08,0,福建,怎么指着别人讲话……,溏心886,m,其他,消极
5163356399602199,2025-05-07,0,江苏,博主自己要去这个地方受罪怪谁啊,梦付千秋星垂野北洛,m,北京,消极
5163356399602199,2025-05-07,0,江苏,中国能发展起来离不开咱们能勤劳能干,梦付千秋星垂野北洛,m,北京,积极
5163356399602199,2025-05-07,0,江苏,说白了就是想找个跳板离开那个鬼地方,梦付千秋星垂野北洛,m,北京,积极
5163356399602199,2025-05-07,0,广东,突然觉得我一个月3000月也是蛮幸福的《允悲》,喺静唔喺净,f,广东 佛山,积极
5163356399602199,2025-05-07,0,北京,龙须沟。,神啊赐我智慧吧,f,北京 海淀区,积极
5163356399602199,2025-05-07,0,北京,"恭喜!你发布的微博已经登上热搜榜,这条精彩创作得到了很多关注和讨论!点击查看 >> 创作指南>>",微博热搜,f,北京,积极
5163356399602199,2025-05-06,0,广东,"我在中国是穷人,我要去孟加拉,我也变成富人了《比心》",茶叶味的坤坤,f,湖南 长沙,积极
5163356399602199,2025-05-13,0,广东,这真的假的,星辰美妆物语,f,广东 广州,消极
5163356399602199,2025-05-07,0,四川,how old are you?,BradPitt时代,m,四川,积极
5163356399602199,2025-05-07,0,四川,"天啦,突然感觉做牛马也挺好的,至少没那么臭《笑cry》",BradPitt时代,m,四川,消极
5163356399602199,2025-05-07,0,广东,"kfc居然还要请保安,是怕被抢吗《黑线》《黑线》《黑线》",金丝楠不是金丝雀,f,广东 深圳,消极
5163356399602199,2025-05-07,0,吉林,"这一家人看起来都很和善。整个视频里,这一家的居住条件还算好的。",上山打老虎和狐,f,其他,积极
5163356399602199,2025-05-07,0,福建,"说实话,我们四五线城市 300 多的房子还没这么破,以前有问过一个收废品的,她就租民房才 250-300 一个月,没这么破,但是小了点",S兔囝,f,福建,消极
5163356399602199,2025-05-06,0,广西,这简直就是让我们有点不太敢想象,温室里的玫瑰很阳光,f,重庆 渝中区,消极
5163356399602199,2025-05-06,0,重庆,3毛钱真有人敢住啊!,祁神之,m,其他,积极
5163356399602199,2025-05-06,0,重庆,你能住一晚很多人会佩服你,阳光前面O,f,其他,积极
5163356399602199,2025-05-06,0,四川,虽然但是三毛钱还要什么自行车,布达佩斯的彩虹,m,其他,积极
5163356399602199,2025-05-06,1,广东,"《跪了》《跪了》《跪了》这是渡劫去了吧,为啥那么多国家不去非得去南亚,简直受罪",M78星云地球代理人,f,海外 其他,消极
5163356399602199,2025-05-06,0,河南,现在我觉得生在中国就是非常幸福的,李李LLTT,f,河南,积极
5163356399602199,2025-05-06,0,四川,真的好恐怖《泪》,wpacedda,m,其他,消极
5163356399602199,2025-05-08,0,上海,《打call》,心疼荷兰ALEX,m,上海 浦东新区,积极
5163356399602199,2025-05-07,0,广东,"这些自媒体天天去孟加拉非洲装b搞流量,不封了",殤囧,m,海外,积极
5163356399602199,2025-05-07,0,江苏,好恶心啊一秒钟都不想待,梦付千秋星垂野北洛,m,北京,消极
5163356399602199,2025-05-07,0,江苏,到处都是垃圾好恶心,梦付千秋星垂野北洛,m,北京,消极
5160400421130014,2025-05-08,0,北京,vv,肥肥的快乐uu,m,其他,积极
5160400421130014,2025-05-02,0,湖北,番茄,ESIKING,m,湖北 恩施土家族苗族自治州,积极
5160400421130014,2025-05-10,0,广东,女生多吃点肉,美妆灵感簿,f,河南 郑州,积极
5160400421130014,2025-05-03,0,浙江,《心》,用户2006718891,m,北京 东城区,消极
