id,likeNum,commentsLen,reposts_count,region,content,created_at,type,detailUrl,emotion
5.14855E+15,60186,1172,4314,重庆,"坏了,真让他养到黑猫警长了",2025/3/26,动漫,https://weibo.com/5148552822787738/Pkn50bHdw,积极
5.14296E+15,1673,112,84,上海,"iron man 钢铁侠动画中,托尼的穿甲方式,你知道嘛《doge》",2025/3/11,动漫,https://weibo.com/5142963308201096/Pi1FEyptK,消极
5.15128E+15,43,646,29,四川," 中医世家|方子很土,但补气真的太快!喝出好气色又好吃,做法还简单! ",2025/4/3,健康,https://weibo.com/5151276833966198/PlvWzgDMW,积极
5.14864E+15,14278,355,121,安徽,跳给集看的 ,2025/3/27,动漫,https://weibo.com/5148638977721040/PkpjXwoAU?,积极
5.14966E+15,31,26,7,四川,你的出生月份对应了哪个梦工厂的角色?,2025/3/29,,https://weibo.com/1592684195/PkPOysaEd?pagetype=hot?,中性
5.14274E+15,11454,433,257,泰国,"坏了,中了刮骨刀!",2025/3/10,动漫,https://weibo.com/5142740472696180/PhVSfbjoM?,积极
5.1525E+15,7565,157,525,河南,"《姐姐》看到大家调侃吴宣仪30岁了也会遇到属于她的朱天天,莫名想起这个创后一年又一年记挂着她的朱天天……",2025/4/6,热门,https://weibo.com/5152501884782201/Pm1Osk44h,积极
5.15312E+15,12034,497,368,无,"特朗普关税政策导致市场动荡,也让美国富豪净资产大幅缩水。一直站在特朗普一边的美国政府效率部门负责人,全球首富马斯克也终于""忍不住""开始批评特朗普的首席贸易顾问,关税支持者纳瓦罗。对马斯克的批评,纳瓦罗则在6日接受福克斯新闻采访时予以还击。纳瓦罗在回应马斯克的攻击时,使用""他就是个卖车的""描述马斯克是在作为商人维护其个人利益,而不关心美国的汽车产业。纳瓦罗在反驳马斯克时称:""我们更关心的是,让底特律的工厂用美国的发动机制造美国品牌汽车。""(央视新闻)",2025/4/8,热门,https://weibo.com/5153119663296359/PmhSSdPx5,消极
5.15203E+15,15175,844,2521,无," 刺桐花正浓,正是来泉州寻音的好时候!本期 泉州站,寻音乐队 ,将在音乐地接人 的带领下,来到这座非遗之城,感受非遗""南音""的魅力。今天19:30,cctv-3央视综艺频道,央视频,央视网,腾讯视频,爱奇艺,寻音之旅等你出发~",2025/4/5,热门,https://weibo.com/5152025244337680/PlPpGicqA,积极
5.15318E+15,5099,250,2353,河北," 清华你无需多言,考上了我一会去。 ",2025/4/8,热门,https://weibo.com/5153179188593926/PmjqSA3FI,积极
5.15311E+15,16733,1474,139,无," 4月8日,合肥三只羊网络科技有限公司(以下简称""三只羊"")自营品牌""小杨臻选""app在多个应用市场上线。三只羊一内部人士告诉极目新闻记者,小杨臻选是三只羊的自营商城,""自己做商城更垂直,可以更直观地将商品展现给大众。"" 在直播带货行业,""三只羊""""小杨哥""曾风头无两,然而因涉虚假宣传和产品质量等问题,三只羊去年被停播并接受处罚。 近期,三只羊频频传出新消息。3月23日,合肥市联合调查组发布通报,三只羊公司已足额缴纳罚没款,整改符合要求,具备恢复经营条件。企查查app显示,近日,三只羊新增食品经营许可证,许可内容为散装食品和预包装食品销售(不含散装熟食销售),食品销售连锁管理,许可机关为合肥高新技术产业开发区市场监督管理局。 4月8日上午,记者发现""小杨臻选""app在各大应用市场上线。三只羊一内部人士告诉极目新闻记者,小杨臻选是三只羊的自营商城。""自己做商城,这样更加垂直。无论是供应链,还是产品设计,都可以更直观地展现在大众面前,同时也便于我们更好地服务消费者。""该内部人士还提到,app只是三只羊业务板块之一,今后的每一步还需要稳扎稳打,对市场保持敬畏,再去做相应的调整,""但我们传递快乐的价值观是不变的。""对于广大网友关心的复播问题,该内部人士表示还在准备中。",2025/4/8,榜单,https://weibo.com/5153113096585778/PmhIhrDge,消极
5.15315E+15,54529,14609,10434,陕西,分享~,2025/4/8,榜单,https://weibo.com/5153150453679766/PmiGxfrh4,积极
5.15315E+15,12314,7808,3715,北京," 练习🎾 新手上路,请多指教《挤眼》",2025/4/8,榜单,https://weibo.com/5153153809910132/PmiLWFA4Q,积极
5.15239E+15,114431,8856,911,无,"《转发分享!》 《爱你》《陌上又花开》《玫瑰的故事》《国色芳华》《梦花廷》《十万狂花入梦来》《千朵桃花一世开》《花间令》《惜花芷‎》……春天,就要看花花浓度拉满的电视剧,你最推荐哪一部?《送花花》",2025/4/6,榜单,https://weibo.com/5152390680675318/PlYV62PGe,积极
5.15315E+15,16613,2579,2790,广西,抓住春天🌼🌼🌼,2025/4/8,榜单,https://weibo.com/5153153892745616/PmiM5bwg8,积极
5.1531E+15,5478,1580,500,北京,"特朗普的最新威胁相当于对中国发""最后通牒"",商务部的第一回应已经表达了中方的蔑视。华盛顿把中国当成了亚洲或南美的某个小国,以为会一吓唬就往后退缩。 关税战升级一触即发,特朗普想要压倒中国,逼世界第二大经济体就范,无疑错打了算盘。54%的关税已经是超越了大多数公司的商业极限,但是中国扛了,反击了,再加征50%,达到104%,这与54%有根本区别吗?让美方自己去品咂吧。之前万斯说中国是""乡巴佬"",这个从美国乡村走出来的真正""乡巴佬""似乎有见识上的残缺,很多人劝他到中国看一看。 如果谈判解决贸易纠纷的大门真被特朗普堵死了,中美之间全球最大之一的双边贸易将迅速萎缩,几近中断,这就是特朗普威胁的实质。中国被迫,也必须奉陪到底。 中美的很多生意做不成了,脱钩过程会非常混乱,那将是双方的痛苦。对美国来说,关税战是一场""自找的经济灾难"",他们内部注定分歧很大,目前特朗普团队已经出现明显的裂痕迹象,马斯克和纳瓦罗已经公开互怼。对中国来说,应战是被强加的,调整即使不容易,也唯有往前走。毕竟对美出口只剩中国对外出口总额的14.6%了,而且这些只占中国gdp的2.3%,这构不成对中国经济的根本冲击。重要的是,事情被逼到这一步,中国社会将横下心来应对,被逼出来的一定是韧性和新的开拓精神。只要努力,东方不亮西方亮,中国生生不息,中国发展的源泉也注定生生不息。 说到这里,必须谈谈更底线的事情,那就是,世界第一和第二大经济体断然脱钩的过程和尽头肯定不仅仅是经济的事情。它将伴随相互敌意的迅速发酵,形成地缘政治的严重不确定性,双方的互动方式会不断遭到华盛顿的毒化。 历史的经验是,当边境上商队消失时,就会有军队出没;大海上商船越来越少时,军舰就会成为主角。希望现代世界能够比历史上展现更多理性,但大家看,特朗普个人的一个执念,就可以推翻人类积累了大几十年的现代贸易体系。理性在哪?我觉得自己看不清。 所以,做好一切准备吧,包括最坏的准备。当我们对最坏情况胸有成竹,一切措施就绪时,它就不会发生了。帝国主义的典型特征是欺软怕硬。 我个人反复表达过这样的意见:军力建设对中国至关重要,中国核武库的扩大尤其是关键所在。我们的对面已经疯了,中国必须在他们疯狂链的尽头实施令他们惊骇的威慑,确保他们的冲动和所作所为不穿越最后的临界点走向极限。我们这样的震慑力需要是充分强大的,毫无疑问的。要让对方充分了解我们的坚强意志不可撼动。 在这样的格局下,我们就可以从容把握接下来斗争的方式和节奏,以招拆招。中国文明是最善于长期博弈的,时间会成为各种针对中国野心的坟墓。 最后需要说明一下,老胡谈的是底线思维,事情不会很快走到很严重的地步,而且我们把底线夯得越扎实,现实情况就越可能走不到我们准备应对的地步。 纵观人类的大国博弈,其方式是朝着文明方向缓慢进步的,很多原因推动了这种进步。中国是大国文明博弈的当代守护者,所以我们必须握紧底牌,同时不急不恼,认真做好我们自己的事情。中国穿越21世纪地缘政治激流的和平发展将是我们献给人类历史的最大礼物。",2025/4/8,榜单,https://weibo.com/5153102378831952/PmhqZB3AQ,积极
5.15288E+15,4304,1325,1126,福建,😘,2025/4/7,榜单,https://weibo.com/5152883679955678/PmbKfFLVs,积极
5.15242E+15,7846,180,653,吉林,"给sakura送了生日礼物的illit iroha,可爱《嘻嘻》",2025/4/6,榜单,https://weibo.com/5152416077975860/PlZA3xsSU,积极
5.1531E+15,10038,679,236,广西,"人形机器人板块的下跌,属于大波段的调整。主要原因是因为自去年11月至3月份累计涨幅巨大。很多涨了两三倍,甚至十几倍的。这一轮大洗礼之后核心配件股依然是核心,会有波段行情。毕竟还是今年的风口板块。明白666",2025/4/8,榜单,https://weibo.com/5153099148689645/PmhlMAszz,中性
5.15128E+15,4241,771,2089,陕西," 无数的碎片拼接成我平淡简单的幸福生活。 幸福莫过于如此简单, 平淡的生活 爱我的家人, 理解我的朋友,健康快乐 无灾无病,随时可以吃到自己想吃的,也可以放肆的倒头就睡,平淡而又不平庸的好好生活着!",2025/4/3,榜单,https://weibo.com/5151282445158712/Plw5ClE12,积极
5.1525E+15,23440,708,1586,无,"《?》据网络平台数据,,有《我的世界大电影》, 等主演的《不说话的爱》, 等主演的《向阳·花》, 等主演的《热烈》……做个小调查:清明档电影你看了哪一部?",2025/4/6,榜单,https://weibo.com/5152495078474918/Pm1DtzyIe,中性
5.15147E+15,5565,308,406,湖北," 刚又有姐妹跟我说,觉得没考上研低人一等,看到别人拟录取了心里就咯噔……. 我之前都白跟你们输出了啊《晕》都说了比较是偷走幸福的小偷。那你考上了是不是又要嫌弃自己考了只考了个双非,是不是又要嫌弃自己只考了个末流211,是不是又悔恨自己没考985,是不是又要觉得研究生不是清北就没意义,是不是又觉得文科生都一个球样,永远比理科生低一等? 怎么你们一方面高喊着读书不是为了当人上人,一方面又觉得不是研究生就是人下人了?左右脑又互搏了?没考上研能咋了?只有本科学历就别活了?路上看到研究生干脆跪下来磕几个响头,大喊:给研究生大人请安!? 如果你还因为没研究生学历而自卑,说明你就是被社会达尔文主义荼毒太深,并且有严重的""学生思维""。你问问快毕业的的研三的同学,谁还关心你是哪个学校的,大家只想挣钱,本质上都是要找工作的。每个人天赋点不一样,有可能你就是适合去工作,去搞钱,那你为什么要浪费三年去为了破面子而读研?学历不一定让你能摆脱自卑,但有钱一定能让你摆脱自卑,你先去挣钱,以后还有执念就去留学,一年拿个硕士学历不就行了。相信已经读研的烙铁都觉得""考上研才是人上人""的观点真可笑,考上了也是牛马,工作了也是牛马,都是无产阶级,怎么内部还要互相歧视了《晕》 读研其实就是让你认识到对大多数人来说""学历没用""(不是学历无用论),投入实践,认真生活,努力搞钱才是真理,道理已经摆在这了,你又何苦再逼自己考上研来体会到这一点? 有人又要说,那是因为我已经读研了才故意安慰下岸的《允悲》我实话说,没有自媒体,没有研究生学历,作为一个""小本科生"",我也会努力工作,健康快乐地活着。这就是我的真实想法,这就是我想输出给大家的,求求你们摆脱学历歧视的怪圈吧,你不能自己瞧不起自己。盲目追求学历就是给自己穿羞布,你应该努力搞钱给自己买件真正的好衣服,早晚有一天你会不再想要那块遮羞布",2025/4/3,榜单,https://weibo.com/5151473789836385/PlB4eFgTn,积极
5.15211E+15,32811,5592,12188,澳大利亚,"悉尼的朋友们,准备好了吗? 熟悉的场地,被眷顾的好天气 马上要带著final lap和大家见面了! ",2025/4/5,榜单,https://weibo.com/5152113023519215/PlRHgeLvx,积极
5.15242E+15,40755,18677,22242,四川,this is life,2025/4/6,榜单,https://weibo.com/5152424345210257/PlZNolRqp,积极
5.1531E+15,17994,1096,767,北京," 昏黄的光晕在雨幕中洇开,它为夜里每一个赶路的人亮起。回到出租屋的瞬间,高月香便理清了自己纷乱的心绪,此刻她内心的担忧盖过了所有的不愉,她转身冲回雨幕之中,去寻找那道被冲散的身影。 ",2025/4/8,榜单,https://weibo.com/5153101338905931/PmhpjBmQ3,积极
5.15313E+15,6432,1144,1338,上海," 这家真的是我超爱的本帮餐馆🥢就在公司附近,我已经吃过的次数,已经超过一只手了🖐🏻 毕竟在新天地这么卷的地方,想要好吃性价比又高,真的不容易《污》 感觉几乎每道菜都很和我的口味,酱鸭很香,虾仁炒蛋虾仁也别q弹🍤鱼香茄子煲很下饭🍆 特别推荐他们家的砂锅鱼头,很大一锅,还有粉皮,鱼肉也很嫩🍲酱爆猪肝我真的每次来都必点,他们家的椒盐排条我也很喜欢《爱你》 主食的话,我会更喜欢菜饭,带着一点点锅气,像是小时候记忆里的味道《馋嘴》",2025/4/8,榜单,https://weibo.com/5153128480247718/Pmi7612rs,积极
5.15274E+15,3040,167,58,山西,张凌赫 | lancome全新大片:斯文眼镜型男《并不简单》《酷》,2025/4/7,明星,https://weibo.com/5152738421770564/Pm7XY7qBu,积极
5.15269E+15,13948,11045,8753,湖南, 早安《太阳》,2025/4/7,明星,https://weibo.com/5152689760239667/Pm6Hu10lB,积极
5.15182E+15,2533,190,153,山东," 《给你小心心》 晚上了,昀孟批就应该看点好东西入睡… 这场扫楼互动在我心里真的神了啊啊啊啊",2025/4/4,明星,https://weibo.com/5151818071151151/PlK1x4PsX,积极
5.15318E+15,3404,100,1195,河北,"永远不要失去发芽的心情 在不上班的日子里,我大多一个人待着,读书,写作,认真生活。偶尔会情绪低落,这时就会想起加缪说的:""让我们的心尽可能重新变得清澈透亮,以便更好地感受即将在春天到来的幸福。""于是,我开始行动。 · 出门散步:晃晃悠悠走在乡下小路上,鲜少遇到人。听风声与鸟鸣,看远方的树,天上的云,还有阳光下努力生长的植物。 · 骑单车去海边:眺望海平面上的远山,感受着""太阳强烈,水波温柔"",在美好的瞬间里,顿觉人间值得。 · 阅读:拿本书爬上顶楼,坐在藤编椅子上静静阅读。我十分享受这样沉浸在文字世界,什么都不用想的时刻。 · 晒太阳:我常感觉自己和植物一样,需要阳光补充能量。躺在草坪上,便能好好睡上一觉。 作为高敏感i人,我和情绪对抗多年。近两年才明白,缓解压力和焦虑并不难,只需让情绪自然流淌,比如散步,骑行,阅读,晒太阳,不说话,一个人默默在春天里生长。 我无数次对自己说:""永远不要失去发芽的心情。"" ",2025/4/8,情感,https://weibo.com/5153179797028946/PmjrRtuy6,积极
5.15313E+15,322,115,286,广东,"当特朗普高举&quot;对等关税&quot;大棒横扫国际贸易舞台时,这场始于2018年的贸易保护主义闹剧正在上演续集。这位奉行&quot;美国优先&quot;的政治强人再次选择用单边关税作为外交筹码,不仅暴露了华盛顿在全球治理体系中的战略焦虑,更将世界经济推向脱轨边缘。 特朗普政府将关税工具化已非新鲜事。从对中国商品加征惩罚性关税到对欧洲钢铝产品设限,这种简单粗暴的手段始终未能实现其重振制造业的承诺。美国劳工统计局数据显示,2023年制造业就业占比仍低于疫情前水平,传统产业回流遥遥无期。如今对50余国祭出10%的基准关税,不过是新瓶装旧酒的政治表演。 更危险的是,这种零和博弈思维正在摧毁战后建立的自由贸易秩序。欧盟委员会主席冯德莱恩提出互免关税本是化解分歧的建设性方案,却被华盛顿以&quot;完全不够&quot;为由粗暴拒绝。当主要经济体陷入相互猜忌的囚徒困境,wto争端解决机制形同虚设,全球供应链正加速重构为一个个封闭的小圈子。 历史经验反复证明,保护主义从来不是解决问题的良药。20世纪30年代的《斯姆特-霍利关税法》曾让全球经济陷入大萧条,当下重蹈覆辙只会加剧滞胀风险。imf最新报告指出,若主要经济体关税提高10%,全球gdp将损失1.5%。在气候变化,能源危机等全球性挑战面前,各国比任何时候都需要携手合作。 站在历史的十字路口,华盛顿应当明白:用关税筑墙只会制造孤立,拆除壁垒才能共享繁荣。真正的大国担当不应是挥舞保护主义大棒,而是重建基于规则的国际经济秩序。毕竟,在万物互联的时代,没有哪个国家能独善其身。",2025/4/8,国际,https://weibo.com/5153129320153645/Pmi8s0DY9,消极
5.15315E+15,740,355,322,新疆,"今天中国的工业制造业产值超过世界第二到第十国家的总和。 今天的中国是世界一百四十多个国家的数一数二的贸易伙伴。(联合国会员国一共一百九十多个) 今天的中国是为一个具备全部产业链的国家,没了美国的进口货自会有国产替代。 今天的中国蝉联国际专利数世界第一已经好几年了。 今天的中国自然指数已经连续三年排名世界第一,并且把美国越甩越远。(自然指数是世界公认的体现物理化学等自然科学学科基础研究成果的最权威的指数) 今天的中国在新兴科技的研究在绝大多数领域都领先美国。 今天的中国在64项关键技术领域中的57个处于世界领先,美国只占7个,其它国家一个没有。(20年前美国占60个,中国占3个,德国占1个。) 1,美国得让其它国家不报复美国,不提高进口美国产品的关税。 否则美国产品在美国之外会变得更没有竞争力。 只怕不但不能让美国制造业企业回美国反而会引发更多美国企业外逃。 2,美国不但要让其它国家不报复美国,还得要其它国家跟着美国提高中国产品的关税,甚至放弃便宜的中国的和自己国家的产品改选昂贵的美国产品,否则美国产品一样没有竞争力。 怎么做到让别人跟傻子似的啊? 3,提高关税必然会让美国物价上涨。而制造业回到美国不是短时间就能实现的事儿。 美国能撑到那时候吗? ",2025/4/8,国际,https://weibo.com/5153152144509471/PmiJgiV7p,积极
5.15216E+15,1176,284,42,辽宁,"那个真骨科的新文基本上想好了。 这两年写的《黑桃 a》和《无耻之徒》都是年下,所以这次打算写个年上。 相依为命的兄弟俩,哥哥为了供弟弟上学,很早就辍学打工,一心想让弟弟成才,什么都能为弟弟付出。 弟弟也明白哥哥的苦心,非常懂事努力,考上名校出人头地,只为了让他哥过上好日子。 但弟弟发现了自己对哥哥见不得人的心思,知道这很可能会毁了两人,克制感情,甚至尽量不出现在他哥面前。 开篇—— 哥哥给弟弟打电话,问他今年过年也不回来吗? 弟弟说不一定,要看工作安排。 哥哥没多说,让弟弟注意身体照顾好自己。 挂了电话,哥哥给弟弟发了条消息:哥想你了。 相比于前面提到的两篇,这篇会虐一点,两个人都是道德感很强的人,但 he 还是要的,只是会曲折一点。 今年工作已经安排满了,但还是想写这篇。 下周回去照例继续更新《过冬》,接下来要认真做一些其他也很耗精力很重要的工作。 这篇新文应该会多存点稿再开坑,因为真的很想写好它。 这个月还要去体检一下,除了颈椎之外,身体还是有点其他的小问题要解决。 身体状况不好码字状态也跟着变很差,想要一切都好好的,所以要开始重视自己的健康问题了。 你们也一样,大家都要健康啊!",2025/4/5,读书,https://weibo.com/5152158044389799/PlSRSipZd,积极
5.14551E+15,1420,168,469,江苏,"怀念小时候的农村,好想回到过去",2025/3/18,摄影,https://weibo.com/5145509808571382/Pj5UUzXO6,积极
5.15274E+15,11733,717,1638,无,"近日, 打鸟出圈破圈,各地文旅纷纷诚邀李现打鸟,更有网友发现李现拍摄的灰喜鹊图审美在线,构图精妙,色彩适宜,神似国画大师张大千《梨花山雀图》,不愧是""花鸟使""!",2025/4/7,摄影,https://weibo.com/5152738744730287/Pm7YujQyX,积极
5.14781E+15,3548,1054,1589,湖北,掉进了油画般的春天里 五彩油菜花简直就是春日调色盘🎨 把相机放低拍摄 只留白天空 这样拍出来画面干净 避开人头 也可以有不露脸的氛围感🎞️,2025/3/24,摄影,https://weibo.com/5147808937542871/Pk3JbvEfd,积极
5.14255E+15,1228,194,461,江苏,"""江南春晚,推窗如画。""",2025/3/10,摄影,https://weibo.com/5142550307143850/PhQVwtYro,积极
5.15172E+15,518,155,21,福建,"小米智驾不行,不等于所有智驾都不行。 我是理想车主,一年多前,理想的智驾水平和现在小米差不多,当时我用的很少。 经过这半年多的几次革命性的更新迭代,我现在几乎每天开车都会用到智能驾驶,现在有超过一半的里程,我都不是自己开的。 现在我使用理想自驾的里程,已经差不多2万公里了。 像这次小米那样的事故,理想汽车可以轻松应对,在那个障碍物前面,会自动减速绕行通过。不管是不是激光雷达的版本,都可以避开。",2025/4/4,车展,https://weibo.com/5151719436848657/PlHsrsJEd,中性
5.14989E+15,11032,550,486,上海,"甲亢哥不是浪得虚名,成功是用命换来的!",2025/3/30,体育,https://weibo.com/5149886518919239/PkVM7BqiH,消极
5.1504E+15,2038,186,72,安徽,"所以艳妮用的是什么底妆,流这么多汗妆都不花的,太牛了,她对粉丝也好实力也强,真的觉得比某足那些又菜又爱装的大哥好多了~ 吴艳妮",2025/3/31,体育,https://weibo.com/5150395593133101/Pl91dd93T,积极
5.15315E+15,517,256,314,福建,"从全红婵20年和24年体型对比来看,确实进入了发育期,身型体重都有很大变化。 这也意味着全红婵以后的生涯需要付出的努力更加艰辛,全妹加油!发育期的挑战也是成长的一部分,期待你的精彩回归!",2025/4/8,体育,https://weibo.com/5153154439057285/PmiMXC0df,积极
5.15319E+15,1111,116,134,浙江,"今日一加中国区总裁李杰公布了一加 13t 手机正面与 iphone 16 pro 的对比图,并表示""一加 13t 不仅边框控制得很优秀,r 角的视觉观感同样非常舒适,用起来也不会有硌手的感觉""。在该微博评论区中有用户询问微信朋友圈什么时候可以发布实况照片,李杰回复""就来了 ""就来了"":一加中国区总裁李杰暗示安卓端微信朋友圈""实况照片""功能将至""。预计微信安卓端近期将支持发布带有实况照片的朋友圈(it之家)《吃瓜》",2025/4/8,数码,https://weibo.com/5153190561187631/PmjJe4YXl,积极
5.15218E+15,1503,163,89,安徽,国泰民安的脸!太吸引人了,2025/4/5,综艺,https://weibo.com/5152175652868364/PlTkhc2bW,积极
5.15203E+15,2931,364,53,上海,"当哲式情歌遇上音色刺客与美声猎手,那就一同嗨爆全场!⏰4.25张信哲x单依纯x黄子弘凡,我们现场见!",2025/4/5,综艺,https://weibo.com/5152030150623751/PlPxB2Cgv,积极
5.15133E+15,1570,115,607,广东,"毕雯珺这想说又不敢说的样子像极了刚进职场的我,总是小心翼翼害怕带偏大家《允悲》",2025/4/3,综艺,https://weibo.com/5151327906958609/PlxgWtcfD,中性
5.1525E+15,130,138,4,浙江,啊啊啊啊啊!!! 谁懂黑粉的含金量? 🩰《摸t》 超米珍珠🩰,2025/4/6,时尚,https://weibo.com/5152498210048077/Pm1Ix0cvr,积极
5.15094E+15,1351,165,36,北京," booooooooooom!🐸,能听懂不?不懂还可以加!",2025/4/2,军事,https://weibo.com/5150936997560457/Pln6rvIOR,中性
5.15273E+15,848,210,69,湖南,"🔻台东阵位反潜压力会很大,真局势紧张的话到时候估计有至少4艘洛杉矶,8艘弗吉尼亚和俄亥俄ssgn,1-2艘海狼级,可能还有本子苍龙级和大鲸级,乃至澳大利亚的柯林斯级会在这边。 🔻我军的054和056,乃至无人船,战时改装民船,高新反潜机,075和076带的反潜机任务很重。",2025/4/7,军事,https://weibo.com/5152731149894186/Pm7MeFvVE,中性
5.15134E+15,1455,307,30,山东,"《安全演练》发现同学家里的电脑上有许多涩情图片和视频,你应该______《并不简单》",2025/4/3,科普,https://weibo.com/5151339010331222/PlxyR1oai,中性
5.1511E+15,64,113,5,无,晚安!  去看电影也要记住 哦~,2025/4/2,科普,https://weibo.com/5151095257304473/PlrdHuEe5,积极
5.1528E+15,2836,214,54,北京,当导演太难了!,2025/4/7,动漫,https://weibo.com/5152797135472336/Pm9uFmXBu,积极
5.15291E+15,126,102,79,无,"《收藏打卡!《馋嘴》》刚刚过去的清明假期,随着春菜争""鲜""上市,全国各地的菜市场迎来人来人往的热闹时节。不仅是时令风味的聚集地,还是年轻人热衷的独具特色,充满烟火气的city walk目的地。戳图↓↓看各地""高流量""菜市场!你pick哪一款?(人民网 刘微)",2025/4/7,旅游,https://weibo.com/5152911076888518/PmcsrsU18,积极
5.15317E+15,2779,161,1101,浙江," 拍到了语文课本里的万条垂下绿丝绦《微风》 三四月份的杭州太温柔了,如果有空的话,你一定要去柳浪闻莺走一走,去看看柳条新发的叶子,纤细柔软,嫩绿嫩绿的十分养眼,风吹过的时候,柳条成浪~  语文课本里的&quot;万条垂下绿丝绦&quot;在此刻具象化了",2025/4/8,旅游,https://weibo.com/5153165192204472/Pmj4j9fu0,积极
5.15268E+15,584,1693,26,山东," 春日暖阳,正是登山好时节!素有""海上仙山之祖""之称的昆嵛山国家森林公园,植被繁茂,是天然氧吧!《全力以赴》漫步其间,负氧离子沁人心脾;沿途繁花似锦,连翘,桃花肆意绽放。登顶远眺,山峦连绵,春色尽收眼底,身心都在这场春日登山中得到治愈!《小繁花》",2025/4/7,旅游,https://weibo.com/5152681006990122/Pm6tmtkrU,积极
5.15258E+15,6,221,0,湖南,"🌻 晚上好呀丸一哼,要天天开心哦,嘻嘻,橙发什么时候回归,特别帅哇,多来长沙丸嘻嘻",2025/4/7,美妆,https://weibo.com/5152584110702894/Pm3X52WR0,中性
5.15313E+15,509,199,199,福建," 《大侦探尚宫传奇》蓉尚苑剧照惊艳了!像是牡丹花神下凡…不愧是古装女神,美我一大跳!!!",2025/4/8,美妆,https://weibo.com/5153127506903603/Pmi5wsXWr,积极
5.15147E+15,1189,102,8,湖北,"《均四张防窥》p1婴儿b超图,p2蚂蚁正脸图",2025/4/3,健康,https://weibo.com/5151472845330993/PlB2ImmPL,消极
5.15284E+15,6644,441,2436,陕西,"哈哈哈哈哈,谁懂啊张杰爬不上的月亮陆虎爬上来了,想起杰哥上次演唱会大型忘词现场真的好搞笑,导致月亮没爬上来,虎子这次倒是爬上去了哈哈哈,只能说这兄弟俩真的太有综艺效果了 ,也让大家看到了他们在音乐上的不同魅力哈哈哈哈!",2025/4/7,音乐,https://weibo.com/5152844014684276/PmaIhjEAQ,积极
5.152E+15,1721,147,24,湖南,"周深这样的歌可太多了! 比如《与卿》,《卿卿》,《许卿安》""三卿""大美歌《嘻嘻》",2025/4/5,音乐,https://weibo.com/5151997948597101/PlOHEA4uV,积极
5.15249E+15,1325,157,76,江苏,投稿 郑州线下粉丝们 给小时团专场歌曲蹦迪现场呐 氛围感超好哒 震撼十连啊啊啊啊啊 集合准备团战.,2025/4/6,音乐,https://weibo.com/5152490139944899/Pm1vvFJ7B,积极
5.15316E+15,1022,175,118,无,"《外交部:》美国东部时间4月7日,特朗普宣布如中方不取消34%报复性关税,将对中国加征50%额外关税。对此,中国外交部发言人林剑表示,美方滥施关税严重侵犯各国的正当权益,严重违反世界贸易组织规则,严重损害以规则为基础的多边贸易体制,严重冲击全球的经济秩序稳定,是典型的单边主义,保护主义,经济暴力,遭到国际社会普遍反对。中方对此强烈谴责,坚决反对。贸易战,关税战没有赢家,保护主义没有出路。中国人不惹事,也不怕事,施压,威胁和讹诈,不是同中方打交道的正确方式,中方必将采取必要措施,坚决维护自身正当合法权益。",2025/4/8,政务,https://weibo.com/5153164261854094/Pmj2O7MkK,积极
5.15107E+15,3973,257,894,河南,苏新皓练习室版《like jennie》 这力度太爽了,2025/4/2,舞蹈,https://weibo.com/5151071844699926/PlqBWjIFg,积极
5.15138E+15,6,277,0,浙江," 大豆种植方法 1. 土壤准备 整地:在前茬作物收获后,撒施发酵好的有机肥,用耙将肥料耙入土中,然后深翻,深度22~25厘米。深翻后进行分厢,厢宽2~3米,行距3米。 播前灌溉:对于墒情不佳的地块,可在播前1~2天灌水一次,浸湿土壤即可,以利播后种子发芽。 播前封闭除草:在东北大豆主产区,常采用机械喷施除草剂(如氟乐灵,拉索)进行大田封闭除草,以减少杂草对大豆生长的影响。 2. 选种 精选种子:选择适合当地栽培的优良品种,确保高产,耐密,抗病及抗倒伏等特性。剔除病粒,虫蛀粒,小粒,秕粒和破瓣粒,保证种子纯度和净度。 种子测定与发芽试验:在播种前,对种子进行粒重测定和发芽率试验,确保发芽率达到95%以上。 3. 种子处理 拌种:为防治蛴螬,地老虎,根蛆,根腐病等苗期病虫害,常使用辛硫,灵丹粉,多菌灵等药剂拌种。药剂拌种与铝酸铰微肥拌种同时进行时,需在铝酸铰拌种阴干后进行。 4. 播种 播种时间:根据不同地区的气候条件,选择适宜的播种时间。南方可在春季2~3月上旬播种,北方则多在4月下旬至5月初播种。 播种方法:每穴播种2~3粒种子,穴距0.33米。播种前将地块灌水一次,使土壤含水量达到22%左右。 5. 田间管理 中耕除草:在第一片复叶前进行第一次中耕,做到锄净苗眼草,不伤苗,松表土;苗高10厘米左右时进行第二次中耕,做到不漏草,不伤苗,不压苗;第二次中耕10天左右进行第三次中耕,做到深松多上土。 施肥:除基肥外,在大豆初花期,每亩可追加尿素3~5公斤;在结荚期,喷洒2%过磷酸钙澄清液每亩40~50公斤,钼酸铵0.05%浓度稀释液每亩30~40公斤。 6. 病虫害防治 病害:包括灰斑病,真菌病,细菌病,病毒病,孢囊线虫病,根结线虫病等,需及时喷药防治。 虫害:如食心虫,草地螟,豆荚螟,豆秆蝇,豆秆黑潜蝇,红蜘蛛,蚜虫等,发现后需及时喷药防治。",2025/4/3,三农,https://weibo.com/5151383690940628/PlyIV3WHq,积极
5.15244E+15,665,46,1,广东,实习生的谢谢是不被回复的《哆啦a梦害怕》,2025/4/6,,https://weibo.com/5548631420/Pm07DzEyg?pagetype=hot,消极
5.1532E+15,6100,1020,1017,无,"《转发🇨🇳今天,!》 《话筒》商务部:如果美方升级关税措施落地,中方将坚决采取反制措施维护自身权益。如果美方一意孤行,中方必将奉陪到底。 《话筒》外交部:中国人不惹事,也不怕事,施压,威胁和讹诈,不是同中方打交道的正确方式,中方必将采取必要措施,坚决维护自身正当合法权益。",2025/4/8,热门,https://weibo.com/5153196600723784/PmjSY32hW,积极
5.15322E+15,6329,401,2687,北京," 韩青的世界已经被""内鬼""彻底包围,从最亲的人到最信任的物件,全成了捅向她的刀! 谁能想到,韩青的姐姐周雪曼早就在布局?表面上关心妹妹安危,劝她""别当警察了"",实际是怕韩青查出自己背地里的勾当!茶室和五金店背靠背相连的暗门,那尊当开关用的""门神"",全是她切换两种身份的工具。当她摸着茶杯时,根本不是心疼妹妹,而是担心罪行败露!就连那句""感情本就又爱又恨"",现在看来,分明是在给自己对妹妹的利用找借口…… 韩青最敬重的师父,他比谁都清楚韩青查案的动向,却把消息泄露给敌人。其实之前他在餐厅里对着服务员大发雷霆,就可以看出端倪。连警队师父都能被操控,她还能信谁? 钟伟失踪后,搭档送她的手机居然被姐姐周雪曼装了窃听软件!韩青那些深夜里的脆弱倾诉,查案时的关键信息,全被实时监控。最信任的同事送的礼物被最亲近的姐姐变成成了捅向自己的刀,这种背叛比敌人开枪还疼。 当姐姐的对韩青的嘘寒问暖,当师父欲言又止地递来案件资料,这些看似温暖的瞬间,全是精心设计的谎言。曾经相依为命的姐妹,曾经照亮她人生的师父,现在却联手把她推进黑暗。 师父是不是为了女儿继续出卖韩青?周雪曼对妹妹是真恨还是被迫黑化?钟伟失踪的背后还藏着多少秘密?韩青要怎么做才能破开这""四面楚歌""的绝境? 这周高能剧情全在亲情刀上撒盐,韩青被内鬼包围,如何在至亲至信的重重背叛中杀出血路啊!《乌云之上》你们gkdgkd!!!",2025/4/8,热门,https://weibo.com/5153222814863716/Pmkzfkph2,消极
5.15313E+15,2962,426,331,北京, 你有一封来自 的山海来信请查收! ,2025/4/8,热门,https://weibo.com/5153128766509828/Pmi7yrjve,积极
5.15274E+15,11863,235,10038,中国香港,"沙漠导演的新电影《不说话的爱》上映了,这次男女主角是一对父女,父亲虽然是聋人,但他有个健康又可爱的女儿。故事情节并不复杂,但是演员的表演可以很快就把你带入到戏里,跟著他们笑,跟著他们哭,被他们感动。就像按下了触动心弦的开关,随著眼泪不断流出,内心也有被电影传递的温暖治愈。这是一部适合春天的电影,会在你的心里种下爱与希望的种子,推荐大家去看。",2025/4/7,热门,https://weibo.com/5152744374273333/Pm87zhVGJ,积极
5.15322E+15,8590,11507,10068,北京,每一天都能搜集到一些快乐~ 真好!  ,2025/4/8,热门,https://weibo.com/5153219122562372/PmktiaKAA,积极
5.15311E+15,9048,412,1771,四川,"毕业后为了猫将家改成宿舍模样,猫咪是陪着主人毕业的,毕业后为了让猫咪更快适应环境,便将房间改造成了宿舍的模样《抱一抱》 ",2025/4/8,榜单,https://weibo.com/5153112726965552/PmhHGte3C,积极
5.15288E+15,10952,1126,652,浙江,好久不见的关于音乐剧的旅程 谢谢温州《心》 ,2025/4/7,榜单,https://weibo.com/5152878524105165/PmbBWhdWl,积极
5.15148E+15,6391,3066,23,中国香港,看看我在港迪给你们带了什么ꪔ̤̮ ᙏ̤̫,2025/4/3,榜单,https://weibo.com/5151479905651585/PlBe6nIeB,积极
5.15129E+15,9883,1236,3717,江苏," 沙尘暴越看越心疼刘盈盈了,有一个吸姐鬼的弟弟和偏心的一家人,她想不成为扶弟魔都难! 和弟弟一样考上大学的她为了要给家里减轻负担被养父改了志愿也选择忍气吞声。 后来为了给弟弟遮掩罪行又被养父找借口叫回家被迫嫁给了自己不喜欢的王良,还生下了女儿多多。 多多生病刘盈盈只是想找刘大志来配个型他都不愿意,让养父去找他也各种替刘大志遮掩,直到亲爹刘三成被害去世他才肯回来。 而借着机会和刘大志好好谈了一番后刘盈盈也彻底看清了自己从小看着长大的弟弟有多自私。 在这个家里,所有人都认为刘盈盈就是随时都可以被牺牲的那一个,被迫成为扶弟魔的她真的不能再惨了!😥  ",2025/4/3,榜单,https://weibo.com/5151288020702330/PlweC2WHU,消极
5.15188E+15,5384,216,186,浙江,好眉,2025/4/5,榜单,https://weibo.com/5151877676140559/PlLzFpLrh,积极
5.15236E+15,4945,1321,875,辽宁,"全麦坚果面包🥯+蔬菜沙拉🥗 对于办公室减脂人来说好省事真的 建议爱吃点肉的买这个鸡肉沙拉 或者也可以买点鸡胸肉,蟹棒 这个面包里面是有坚果🌰的就不会很单调",2025/4/6,榜单,https://weibo.com/5152359094159625/PlY69hs6J,积极
5.15099E+15,5025,105,84,英国,抱歉 由于原饮料太大只能这样了《雀巢》,2025/4/2,榜单,https://weibo.com/5150985497610468/PlomFvVPu,积极
5.15143E+15,7381,362,2547,山东," 你们补药再吵了,昨天还是甜到齁的暧昧升温,今晚就变成针锋相对的冷战修罗场,姬谭音和源仲的感情,简直比跳楼机还刺激! 昨晚:醉酒后的姬谭音趴在源仲背上,迷迷煳煳地说:""我们一起修个房子吧"" 一句话撩得源仲心跳加速 源仲刀子嘴豆腐心 ""你只不过是一个待女 我随时都会把你丢掉"" 但是躲闪的眼神完全就是心虚,看似大声警告 实则早已爱上 ,承认吧 没人能对神女不心动💗 今晚:因为裴九的事情,立场不同的两人瞬间从云端跌入谷底!源仲直接戳破身份差距:""我们不一样 "" ""我非善类 我所追寻的道也与你截然不同"" 官配党又心碎了💔 这感情起伏,比过山车还勐,比跳楼机还快!上一秒还在顶峰甜蜜,下一秒就极速坠落,主打一个刺激,果然,姬谭音和源仲的相处,永远猜不到下一秒是糖还是刀…… 所以,他俩到底什么时候能稳稳落地?我们拭目以待!💔",2025/4/3,榜单,https://weibo.com/5151426209649321/PlzPuEued,积极
5.1526E+15,6702,312,191,浙江," 潘玮柏发文回应热搜《潘玮柏减重20斤等于减龄20岁》:""我真的看起来20岁吗现在?你们是不是在骗我啊哈哈!""哥,大家真的没骗你!满40减20而已啦《彩虹屁》",2025/4/7,榜单,https://weibo.com/5152600072914600/Pm4mPcedG,积极
5.15258E+15,38052,1571,1770,墨西哥,啰唆了啰唆了!《好运连连》《嘘》,2025/4/6,榜单,https://weibo.com/5152576551518761/Pm3KT6n69,积极
5.1522E+15,97396,6326,639,河南,"两位妈咪,我可以在你们中间挤挤吗《举手》  ",2025/4/5,榜单,https://weibo.com/5152204348983833/PlU4yBH6x,积极
5.15315E+15,190841,5586,2426,无,"《转发推荐!》 《繁花》《玫瑰的故事》《滤镜》《大奉打更人》《玉骨遥》《追风者》《知否知否应是绿肥红瘦》《庆余年第二季》《甄嬛传》……n刷好剧,你最推荐哪一部?",2025/4/8,榜单,https://weibo.com/5153149263022895/PmiECcGon,积极
5.15314E+15,38809,3031,2127,江西," 坐高铁,遇到可爱的高铁乘务员,上演当面辟谣《举手》《太阳》",2025/4/8,榜单,https://weibo.com/5153135136084597/PmihPpwSF,积极
5.15317E+15,11564,756,266,无,"4月7日,甲亢哥开启长沙行,一众人来到长沙地标之一文和友,文和友联合创始人翁某某为抢到甲亢哥身边的座位,疑似喊话一路跟随甲亢哥直播的卤鹅哥:""i am boss,i am boss!我也是做餐饮的,请相互尊重,你可以起来一下,我要介绍一下,不然我明天就去重庆。""其举动和言论引发争议,不少网友反映翁某某吵闹不尊重人,为了宣传""吃相难看"",文和友官方微博下有多名网友留言称,将抵制文和友,还有不少。",2025/4/8,榜单,https://weibo.com/5153172311245511/PmjfN5e0T,消极
5.15316E+15,19907,1376,669,湖南,"长沙在市中心的大屏感谢speed甲亢哥,让世界认知大美中国。",2025/4/8,榜单,https://weibo.com/5153158210259242/PmiT315rk,消极
5.15319E+15,32991,3141,6835,无,"🇨🇳 🇨🇳转发!! 🎙️施压,威胁和讹诈,不是同中方打交道的正确方式!",2025/4/8,榜单,https://weibo.com/5153192036272227/PmjLBqjGX,积极
5.15073E+15,17053,2330,1478,广东,图书馆的柜子上长满了玩偶,2025/4/1,榜单,https://weibo.com/5150725835328202/PlhBRmm6K,积极
5.15281E+15,11503,195,27,广西,"投资股市只适合利用自己的空闲资金,而且一定要量力而为,风险永远放在第一位。不要举债,不要用杠杆,理性+价值+组合式投资相结合,将风险控制在自己能承受的范围之内。这点提醒过n次了,希望大家切记!",2025/4/7,榜单,https://weibo.com/5152806274072758/Pm9Jph5vE,积极
5.15208E+15,4810,417,208,韩国,hmm hmm ,2025/4/5,明星,https://weibo.com/5152083629313443/PlQVQD4QP,积极
5.15253E+15,3295,853,1135,四川,盘点12位女明星满天星古装造型!!,2025/4/6,明星,https://weibo.com/5152526907998225/Pm2sOxyHD,积极
5.15325E+15,5776,453,2450,山东," 代大吉的人 生 新 篇 章 之《我在深 度 当 fw》(bushi)谁家好人一天天在公司使不完的牛劲儿啊?没错,就是王玉雯在《值得爱》里饰演的代大吉——感觉空有一身才华却无处施展,追 着 领 导 要 活 干。领导说:你们自己 找 活 吧。于是代大吉和伙伴们便开启了 自 我 推 销 之 路,专 业 剪 辑 没有?专 业 摄 影 也没有?没关系,只要找总能找得到!排 片 子 预 算 不够?没关系,新 晋 制 片 人 代大吉会动之以情,晓之以理跟主角阿姨大 砍 价!为了梦想要成为一个闪闪发光的人,有困难就解决困难,来一个解决一个,来两个解决一双,咱们 初 生 牛 犊 就是一个 干!",2025/4/8,明星,https://weibo.com/5153252635840713/Pmlllovr3,积极
5.15287E+15,2099,193,451,中国香港,"天呐好喜欢这个,丁程鑫拿着小锤子往前跑的背影完全是天真无邪,让人想一直守护在手心🤲🏻🤲🏻 cr.水印",2025/4/7,明星,https://weibo.com/5152872242614460/PmbrOaY8I,积极
5.15207E+15,5011,703,238,泰国,the way of water🌊 ,2025/4/5,明星,https://weibo.com/5152065969980413/PlQtmFSmp,积极
5.15136E+15,7825,1113,45,北京,马上要演出了 叮嘱大家带好伞《困》《困》《困》,2025/4/3,明星,https://weibo.com/5151364774629974/Plyepjqt0,积极
5.15216E+15,2019,240,1067,陕西,🔮 紫罗兰骑士 _ ,2025/4/5,明星,https://weibo.com/5152158777870637/PlST3x1vL,积极
5.15283E+15,3954,119,208,江苏,《陈都灵》惹兔兔的下场是😈 ,2025/4/7,明星,https://weibo.com/5152830143333004/PmalUdZ48,积极
5.138E+15,160206,37079,1000000,北京,✌️🍃❄️✌️,2025/2/25,明星,https://weibo.com/5137996802427821/PfWtaabAp,积极
5.14051E+15,807841,641431,1000000,湖北,"颗粒度已对齐✅没有套路,全是贴贴🍊",2025/3/4,明星,https://weibo.com/5140505637683811/PgZJFweUr,积极
5.14304E+15,383949,196418,10444,浙江,"只要暂停的够快,卫枝 就不会摔倒✌🏻一起来看卫枝征服雪场~",2025/3/11,明星,https://weibo.com/5143043956015144/Pi3LJpeOs,积极
5.15322E+15,33769,10491,10532,北京,"""周水简直就是天才!他是全世界最有才华的人!~我好羡慕他,他总是闪闪发光的!~我好想让他一直发光~"" 《哇》《哇》《哇》",2025/4/8,明星,https://weibo.com/5153218346617655/Pmks2rLyn,积极
5.14294E+15,30711,3355,1000000,北京," 挺直背,咬紧牙,是高月香 努力绽放的姿态。 4月4日全国上映,豁出去,活下来!",2025/3/11,明星,https://weibo.com/5142944239845699/Pi1aTFjjB,积极
5.14889E+15,225711,148774,86872,北京,"四个多月的拍摄,横店在我的记忆里好像只剩下""夏天""这一个季节。所以对郁锦的感受也约等于夏天,他爱恨情仇都直白,锋芒毕露,时常热烈,偶有狡黠。也多谢他,让我知道我自己原来还有很多潜能可以发掘,那些全力潜水,脱缰骑射的时刻,都是跟他一起体会到的新鲜畅快。 没想到跟郁锦这么快就又见面,这么快又要说再见,希望大家都能被郁锦的快乐感染到。我也相信,每一次再见,都是为了下一次更好的重逢。来日方长,前路终能""遇""锦。下次见👋🏽",2025/3/27,明星,https://weibo.com/5148885128317999/PkvIYyTTh,积极
5.14816E+15,56277,30878,31498,北京,"滴,戚经理打卡上班。。。",2025/3/25,明星,https://weibo.com/5148164877978535/PkcZhxtA3,积极
5.15132E+15,1928534,133635,126568,北京,"大兴,👍🏽!! 值得被更多人看见!",2025/4/3,明星,https://weibo.com/5151323536755000/Plx9TslhC,积极
5.14811E+15,82985,11223,10547,陕西,"""幸福就是做一个记性很差的人 但看你那么幸福我也就知足了"" ",2025/3/25,明星,https://weibo.com/5148109952779297/PkbyHbF1n,积极
5.15315E+15,1101,248,45,山东,"我一表哥47岁了一直单身,前两天亲戚给他介绍了个对象,女方38,丈夫癌症去世,留下一儿一女。两人见面时,相谈甚欢,特别满意。 亲戚问表哥:""你对女方满意吗?人家可是比你小9岁,人家啥也不图,就是图你人老实。"" 表哥憨憨的笑着,说:""满意,满意!"" 亲戚继续说:""女方还有几点要求。 1,她的两个孩子一个7岁,一个3岁,都比较小,所以希望能把他们亲生的抚养,婚后不再生育。 2,可以不办婚礼,但是彩礼要8.8万。 3,你80平的房子不够四口人住,女方想让你卖掉,她再添点钱,换一个大的,写你们两个人的名字。"" 表哥听了,立马站起来走了。 他说:""她的要求,没有一条是为我着想的,而我8.8万娶个老婆,房子分她一半,婚后还要赚钱养她的两个孩子,以后老了,万一孩子不孝顺,我岂不是竹篮打水,一场空?那我还不如继续单身,自己留着钱逍遥快活,何必当牛做马!"" 有人说,都47了,还挑三拣四。但我觉得表哥很清醒。大家觉得表哥这样做对吗?",2025/4/8,情感,https://weibo.com/5153151926405841/PmiIUqSs1,积极
5.14739E+15,6548,877,217,重庆,以防你不知道怎么切杨桃,2025/3/23,美食,https://weibo.com/5147394728268649/PjSX6yH3j,消极
5.14783E+15,5748,1084,2228,浙江, 广东人有自己的吃小龙虾方式,2025/3/24,美食,https://weibo.com/5147833091491290/Pk4m96fX4,积极
5.15312E+15,95,154,1,四川,"特朗普会不会被赶下台啊?这玩意儿操作着实有点看不懂,关税大战,搞得人多人游行,1200多场游行,50多万人参加感觉他还要继续征收关税,加到50%,这样下去消费者才惨了,羊毛出在消费者身上啊",2025/4/8,国际,https://weibo.com/5153123926019108/PmhZKpfQo,积极
5.14306E+15,36355,1123,3300,福建,""" 朱雀桥边野草花,乌衣巷口夕阳斜 ... """,2025/3/11,摄影,https://weibo.com/5143063387965786/Pi4h4xqgq,积极
5.15273E+15,3347,735,23,北京,"x8u 4.10,x200u 4.21两个时间点都猜对了,旗舰线先关注这俩吧。其它新机有荣耀power,iqoo z10 turbo系列,红米turbo新机,一加13t,真我gt7等等《淡淡的》",2025/4/7,数码,https://weibo.com/5152730470943198/Pm7L93XmS,中性
5.15274E+15,802,166,25,浙江,竟然还凑了个3095.63这样一个完美的数字《允悲》。,2025/4/7,数码,https://weibo.com/5152741467358531/Pm82SuShZ,消极
5.15091E+15,1004,105,31,无,会唱歌的人在一起吃火锅是种什么场面? 现场写歌被 一秒识破《笑cry》期待新的合作舞台~,2025/4/2,综艺,https://weibo.com/5150914403893354/Plmw0gkQ2,积极
5.1531E+15,810,198,24,广东," 《心》 喜欢贴脖子的小情侣 从没见过哪家男女主拥抱这么亲密!头,脖子,身体手都要紧紧黏在一起!",2025/4/8,综艺,https://weibo.com/5153097199128715/PmhiDCiNl,积极
5.1528E+15,2604,281,183,无," 是耳畔私语的温柔,是并肩奔跑的默契,在每个对视里,藏着未说出口的眷恋。没关系,再次相遇时,风会替我告诉你。 策划/葛海晨 编辑/timmy 视频导演/ 陈飞宇妆发/大涌on time 庄达菲化妆/ 雨蒙(shihuistudio ) 庄达菲发型/方可frank 形象/fred 制片/lily 美术/gracki 新媒体/王路 制片助理/kaya 视频助理/gg 造型助理/丁溪,小鱼,erniu",2025/4/7,时尚,https://weibo.com/5152797830414772/Pm9vN1JTS,积极
5.15112E+15,1054,100,405,广东,"2025粤港澳大湾区花园大赛 分会场呈上场内四场春夏秀, 老佛爷百货salomon wilson fila完美演绎,感谢台前幕后的大家!",2025/4/2,时尚,https://weibo.com/5151117974178727/PlrOlhx4P,积极
5.15248E+15,7345,631,386,吉林,出道以来第一次露额头公演的liz,2025/4/6,时尚,https://weibo.com/5152479885657757/Pm1eYnJQ9,积极
5.15101E+15,4206,1120,1079,四川,从来没有这么直观感受过软装的重要❗️ 硬装刚结束 家徒四壁 被亲戚朋友嘲笑抠抠搜搜不大气🥲 软装家具都进场以后 干净舒适 客餐厅大部分软装都是以白色为主 白色沙发和可方可圆的白色伸缩餐桌 整个房间都会显得更亮堂 被人嫌弃的大竖厅成了我的dream house🏠,2025/4/2,家居,https://weibo.com/5151005570240017/PloT310rf,积极
5.15245E+15,5620,161,1807,无,身体各处的警告 ,2025/4/6,科普,https://weibo.com/5152449908965903/Pm0sCBCrl,消极
5.15077E+15,6,181,0,四川,"最近地震的新闻真的是很吓人,我们平时必须要了解一些自救方法,但也希望我们用不上。 地震时,千万别第一时间冲去开房门,剧烈晃动会把门震歪,很可能怎么都打不开,白白浪费逃生时间。 要是屋内有桌子,赶紧躲到桌子底下,双手抱住头,或是扶住桌子,降低被砸伤",2025/4/2,科普,https://weibo.com/5150772078576642/PliOrzZaW,积极
5.15252E+15,1121,279,21,北京,嘻嘻! 💦一个,2025/4/6,动漫,https://weibo.com/5152524861179198/Pm2pw4WLk,积极
5.15115E+15,4173,1013,221,泰国,在马尔代夫的日子太快乐了 每天吃海景餐厅 住在海上的水屋别墅 可以潜水可以日落巡航 从马累机场出发20分钟即可登岛 我可太爱grand park kodhipparu maldives了 · ,2025/4/3,旅游,https://weibo.com/5151150558938607/PlsETBvl5,积极
5.15283E+15,40474,6717,7985,无,"  恭喜你已成功收集 的26岁生日愿望碎片——🎂 封面大片现已解锁:■■□□□□□□ 25%,更多独家内容,等你揭晓!",2025/4/7,好物,https://weibo.com/5152830797120048/PmamXtSfu,积极
5.15066E+15,123,234,222,江苏,"转+评,抽2人送新书。 人气作者玛丽苏消亡史 30正式发售,限量1500特签。 蛮横少女 尤思嘉 x 边缘少年 杨暄 青梅竹马救赎言情,酸涩青春的少年组合! 大鱼独家:",2025/4/1,好物,https://weibo.com/5150663751240409/PlfZJ5cGB,积极
5.15161E+15,70,177,10,无,"周末总是转瞬即逝,有些人可能感觉明明什么都没干,就又要上班了。试试下面几件事,延长周末↓↓ 1,尝试新鲜事物 我们在做不熟悉的事情时,大脑会专注收集,学习全新的信息,感知到的时间也会比实际发生的更长。追求新环境,新体",2025/4/4,健康,https://weibo.com/5151614282760566/PlEIQbA9g,积极
5.15218E+15,11271,5239,5207,中国香港,"即便生命有限,那些共同走过的瞬间,早已将彼此塑造成""最好的自己""。 这一次,我用歌声与光影,记录了一段关于""最好""的定义—— 离别不是终点,而是让我们学会用尽全力去爱当下的彼此。 愿所有相遇与告别,都能成为照亮生命的星火。 《the best version of me》mv正式上线,这支mv里有我的眼泪,",2025/4/5,音乐,https://weibo.com/5152182357728148/PlTv5wqry,积极
5.15175E+15,2391,367,54,韩国,📸 -` special moment ´- with teume ଘ❤ can't wait to make more special moments in new york‼️ 🎬 ‘saruru’ p/v     ,2025/4/4,音乐,https://weibo.com/5151753458158770/PlIljyet4,积极
5.15278E+15,1003,152,27,四川,刘雨昕 第二张实体专辑《o》!! 质感好高级耶《good》《good》《打call》《打call》,2025/4/7,音乐,https://weibo.com/5152775001608917/Pm8UY6Kyh,积极
5.15221E+15,279,157,15,湖南, 新歌《无人之境》与偶像剧太适配了吧!,2025/4/5,音乐,https://weibo.com/5152205448680328/PlU6kAq9i,积极
5.15291E+15,215,106,131,无,"4月7日晚,唱作人 再度演唱代表作《悟空》,《哪咤》。在演唱结束后,戴荃分享了《哪咤》这首歌曲的创作背景。他透露,《哪咤》这首歌在2016年创作,2017年发行,在歌曲发行前曾与《哪咤》电影方有过接触,原本计划将其作为《哪咤之魔童降世》的主题曲。遗憾的是,由于电影上映时间在2019年,最终错过了这次合作机会。网友:戴荃版本的哪咤和""我命由我不由天""适配度满分!",2025/4/7,音乐,https://weibo.com/5152912625372945/PmcuWmxKp,积极
5.15111E+15,103,201,3,安徽," 🌟贪吃蛇大作战🌟 容嬷嬷蛇蛇《哈哈》《哈哈》 这个蛇蛇可以变身,速度快的时候就变成了容嬷嬷,扎扎扎《笑cry》《笑cry》 但是好像容嬷嬷也并没有很厉害,被人堵死好几次,我真的服了《汗》《汗》,好惨一个《哼》",2025/4/2,游戏,https://weibo.com/5151106426474534/PlrvIrajY,积极
5.15171E+15,124,170,34,湖北," 1367关通关秘诀就是先解除冰块,先消除左边的小蜗牛,激发出三个魔力鸟这样就成功一半,多利用三个动物消除最后就能快速通关 为了2000关冲鸭  ",2025/4/4,游戏,https://weibo.com/5151706838730535/PlH87ADd5,积极
5.15288E+15,2434,375,22,浙江,"随着四月洋溢的春意,逆水寒即将进入国风传统民俗文化主题月《打call》 在4月底推出的季中更新版本,您将开启一场唯美细腻,古韵悠然的醇正国风美学之旅《哇》并体验一系列参与感极强,文化氛围浓烈,文化底蕴深厚的新内容与活动《抱一抱》 今天官博将带各位大客户们超前品鉴新版本十大国风民俗文化因子",2025/4/7,游戏,https://weibo.com/5152880893891190/PmbFLgkh8,消极
5.15123E+15,885,178,174,广东,"特别喜欢看王一博吃东西,他不挑食,吃什么都是大口吃,感觉特别香,而且吃饭很有教养,再多的东西都是包在嘴里嚼,一大口但是吃着很斯文。在这就是街舞和天天向上里都有很多吃饭的镜头,尤其是在天天向上中,王一博一直被哥哥们投喂,喂着喂着就长大了,太乖了",2025/4/3,舞蹈,https://weibo.com/5151225486508369/PluBKrj7H,积极
5.15112E+15,76,162,0,湖北, 多才多艺 博博麦艺《哈哈》 /,2025/4/2,舞蹈,https://weibo.com/5151123045092128/PlrWwlmH6,积极
5.15273E+15,18955,2554,3153,无," 发布蔡徐坤诉邓某某,董某某,武某名誉权案胜诉通报。 蔡徐坤工作室表示,针对此前微博账号""超能摄影阳阳"",""懂瓜哌""等人在互联网上捏造不实信息,公开发表对蔡徐坤先生的诽谤性言论,相关案件已经由法院判决胜诉。本次胜诉相关赔偿款将通过公益项目捐出。 ",2025/4/7,公益,https://weibo.com/5152734241096320/Pm7Re4BcA,积极
5.15289E+15,1908,30,102,四川,高中生逛体验店把键盘弄坏了不赔,2025/4/7,,https://weibo.com/2198612292/PmbQ3CyWY?pagetype=homefeed?,消极
5.15129E+15,2424,214,1266,江苏,每天5公里反而胖了?  新手必看减脂避坑指南,2025/4/3,运动健身,https://weibo.com/5151285835465467/Plwb5mVOH,积极
5.15176E+15,1593,125,376,山东,"安利费教练这个40分钟的壶铃跟练视频!! 我本周除了上了两节芭蕾舞课外,就搞了4天这个(昨晚练了芭蕾又甩了40分钟壶铃),这个壶铃的效果实在是太明显了……… 首先是它有氧➕无氧消耗应该比较大,所以我最近吃很多也没怎么胖(当然也没瘦)。 其次这个视频比较简单,一半的时间都在壶铃摇摆,就是",2025/4/4,运动健身,https://weibo.com/5151764325599962/PlICQnuNY,积极
5.15111E+15,1984,165,338,山东,睡眠不足真的很糟糕……早点睡觉吧《睡》 ,2025/4/2,养生,https://weibo.com/5151108729932626/PlrzqFFVE,消极
5.15283E+15,2087,1045,1174,无,"吓死我了,差点以为自己是读书的料了《跪了》",2025/4/7,搞笑,https://weibo.com/5152826155336560/Pmaftmohy,积极
5.15286E+15,65,446,7,无," 生活不完美,但不代表它不美好。如果你发现生活有了裂缝,别担心,也许那正是阳光照进来的地方。允许自己不完美,是成长的开始。只要你肯一步步地前进,便终有可能让别人望尘莫及。    (夏力文,廖斐茹)",2025/4/7,情感,https://weibo.com/5152862506585592/Pmbc6rDde,积极
5.1533E+15,727,134,27,无," 蒙特卡洛大师赛第二轮""全满亚大战"",澳法美亚军兹维列夫6-2/3-6/5-7不敌温网亚军贝雷蒂尼😂 作为连续六站比赛的头号种子,他在辛纳被禁赛后交出的答卷是⬇️ 布宜诺斯艾利斯八强:输no.28塞伦多洛 里约热内卢八强:输no.86科梅萨纳 阿卡普尔科次轮:输no.83勒纳-钱 印第安维尔斯次轮:输no.43格里科斯普 迈阿密第四轮:输no.18菲斯 蒙特卡洛次轮:输no.27贝雷蒂尼 合计是6胜6负,胜率刚刚50%,这就是当今男网的世界第二《doge》  ",2025/4/8,体育,https://weibo.com/5153296478111143/Pmmu3y24T,消极
5.15275E+15,6026,401,2636,河南," 五哈5的官宣风格有点子太对我的胃口了!这从官宣起就给我香迷煳了,够神金!够好玩!本以为纯古风的海报风格➕每人一本武功秘籍已经够神金了,没想到连艺人的发博文案都是用ai智搜生成的!范志毅那句""是微博智搜让我这么写的"",简直不要太耿直了《哈哈》只能说论神",2025/4/7,体育,https://weibo.com/5152751772766362/Pm8jvbBEK,积极
5.15295E+15,60,200,50,无,"救命!再不春捂,身体就要""闹罢工""啦😭 又到了乱穿衣的春天,气温像坐过山车一样忽高忽低。这时候,老祖宗传下来的""春捂""智慧,可千万得重视起来。要是不当回事,身体分分钟给你点""颜色""看看😱 一,春捂不注意,头颈先""抗议""🤯 脑袋,堪称人体的""司令部"",而且头部还是""诸阳之会"",阳气特别足。颈部则像一条""交通要道"",连接着头部和身体。春天风大,早晚温差也大,如果不戴帽子,围巾,让头颈直接暴露在冷风中,风寒之邪就会像一群""小坏蛋"",顺着毛孔,穴位钻进身体里。紧接着,头疼,头晕,感冒发烧等症状就会找上门,严重的时候,脑袋像被紧箍咒勒着一样,疼得让人直冒冷汗,工作和生活都被搅得一团糟🙃 二,腰腹""失守"",身体拉响""警报""🥺 腰腹这一块,藏着神阙,关元,命门等好多重要穴位。神阙穴,也就是肚脐,它就像身体的一扇""大门"";关元穴关乎生殖和内分泌;命门穴则对肾脏功能影响很大。春天要是为了爱美,穿露脐装,低腰裤,让腰腹漏风,寒邪就会趁机而入。不仅会导致腰酸背痛,像扛了一袋大米一样沉重,还会影响脏腑功能。女生可能会痛经,疼得在地上打滚;肠胃不好的人,还会频繁腹泻,跑厕所跑到腿软😖 三,寒从脚起,老寒腿缠上一整春🥶 脚,被称作人的""第二心脏"",但它离心脏最远,血液供应相对较少,保暖能力也比较弱。春天,地面温度还比较低,如果过早穿单鞋,露脚踝,寒邪就会从脚底的涌泉穴等穴位侵入人体。老寒腿患者的膝盖会又疼又僵,走路一瘸一拐,别提多遭罪了。哪怕不是老寒腿,也可能出现脚部冰凉,麻木的症状,严重影响生活质量😫 老祖宗常说""春捂秋冻,不生杂病"",这句养生口诀,最早能追溯到《黄帝内经》。书里讲,""春三月,此谓发陈,天地俱生,万物以荣 。""春天阳气刚冒头,人体毛孔像一个个好奇的""小嘴巴"",慢慢张开。这时候,要是冷空气突然来袭,就像刚发芽的嫩苗遭遇霜打🌱身体根本招架不住。过早脱掉厚衣服,""虚邪贼风""就会趁机入侵头颈,腰腹和脚踝。 那么,到底该怎么""春捂""呢?记住""下厚上薄""这个原则就对啦✓比起把自己裹成粽子,护住小腿和脚踝更管用。早上出门时,可以穿一条加绒的打底裤,再套上厚袜子和运动鞋,给腿部和脚部全方位的保护。千万别被春天的暖阳迷惑,它很可能是个""陷阱"",稍不注意,就会让你变身""喷嚏精""🤧 另外,当温差超过8℃时,外套,围巾,帽子可千万别摘,得继续捂着。等气温稳定在15℃以上,再考虑减衣。只要春天捂好了,全年生病的次数都会少很多,精神头也更足💪🏻 春捂是一场和天气的""持久战"",为了自己的健康,千万不能掉以轻心。从现在开始,做好春捂,和疾病说拜拜👋🏻  |  | ",2025/4/8,健康,https://weibo.com/5152947780977196/PmdpE46de,积极
5.15378E+15,3771,345,285,无,"《中方:》 4月9日,世贸组织召开货物贸易理事会年度首次会议。中方指出,美方所谓""对等关税""是""开错方,吃错药"",不仅无助于解决贸易不平衡问题,还会反噬美国自身,严重扰乱国际贸易秩序。 欧盟表示,美国""对等关税""措施严重损害世贸组织基本原则,无助于解决贸易失衡问题。英国,加拿大,日本,韩国等成员批评美国""对等关税""措施扰乱国际贸易秩序,破坏全球产业链供应链稳定运转,将损害包括美国在内的各国生产商,消费者利益。秘鲁,哈萨克斯坦,乍得等成员谴责美国""对等关税""对经济脆弱的发展中成员,特别是最不发达国家成员造成的严重冲击,强调维护公平,开放,透明,包容,非歧视的多边贸易规则对发展中成员具有重要意义。",2025/4/10,热门,https://weibo.com/5153784771119348/PmzbD4Hc0,消极
5.15365E+15,8077,437,384,美国,"这些关税很愚蠢,那些认为这些关税会帮助美国的人更 愚蠢,但有一件事是所有人都可以做的,可以让这个世界变得更 美好。只要向前迈出一小步。兄弟,就行动吧。",2025/4/9,热门,https://weibo.com/5153650989073515/PmvHQC4r1,积极
5.15356E+15,392433,43431,490229,浙江,爱能克服远距离🫶🏻,2025/4/9,热门,https://weibo.com/5153562652837427/PmtpnbU8X,积极
5.15359E+15,5871,519,3009,福建,"谁懂啊,看这段快把我痛哭了!和韩青一起毛骨悚然了!孙俪演的韩青接连失去师父和钟伟,那一连串打击,搁谁身上都扛不住。尤其是钟伟,一回头就消失不见,直接在韩青面前没影了,孙俪把韩青那种慌张,害怕,还有满心的绝望和悲伤,演绎得太到位了,破碎感直接溢出屏幕。当完全代入韩青的视角,那种恐惧的氛围感 一下子把人冻住了麻了,仿佛都忘了呼吸,孙俪你真的太会演了吧!",2025/4/9,热门,https://weibo.com/5153591099917743/Pmu9fFC3B,积极
5.1532E+15,1467,325,98,浙江,韩国人还是太超前了 kpop女团在寺庙前给囚犯慰问演出。。。  ,2025/4/8,热门,https://weibo.com/5153203955959879/Pmk4Pp0r5,消极
5.1536E+15,1084791,50937,66557,无,"《快讯!》 美国东部时间4月8日,美方将此前宣布的对中国输美产品加征34%所谓""对等关税"",进一步提高50%至84%。国务院关税税则委员会今天发布公告,自4月10日12时01分起,调整《国务院关税税则委员会关于对原产于美国的进口商品加征关税的公告》(税委会公告2025年第4号)规定的加征关税税率,原产于美国的所有进口商品的加征关税税率由34%提高至84%。(总台央视记者田琪永)",2025/4/9,热门,https://weibo.com/5153595550337538/Pmugr1pOa,积极
5.15307E+15,17716,773,987,重庆,"我以前嘲笑过大冰老师和他的粉丝,对不起~~~ 因为我发现大冰是真的通透啊。 刷到一个大冰老师和女网友的连麦视频,女的说,她老公是程序员,工作之余喜欢打游戏,她非常不满意,觉得他不上进,很焦虑,希望老公再努力一点,给到她更好的生活。 大冰先是问""他工作上有什么问题吗""。 女的回答""没有""。 然后大冰又问,""如果他失业了会影响你们在一起吗""。 女的秒答""会""。 估计发现自己不小心说了心里话马上找补,""因为我很爱他,我想看到他向上的态度""。 还表示""朋友们都觉得他很好认为我是在无病呻吟但我看到他打游戏就是很生气""。 然后大冰开始灵魂提问,""为什么你一定要他努力上进呢?"" 女的回答,""我想过安稳的生活""。 不是,你想要什么你自己去努力,去上进,去追求啊大姐。大冰说程序员嘛,上班很累,下了班打打游戏换换脑子很正常。结果这女的自爆,没上过班...... 大冰都有点疾言厉色了,说实话,普通人,你还要人咋努力,咋奋斗,咋上进啊?又不是打游戏,诶,我努努力,就升级了,就爆装备了,就更强了,就可以打更高难度副本了。这不扯犊子么。说白了,还是自己没本事是个废物,就寄希望于队友支棱起来拉自己一把。 但我估计大冰也发现自己一直在说废话,女的根本没听进去,于是祭出杀招:假设现在有个姑娘,学历没你高,长得没你好看,甚至比你大几岁,以仰望的姿态看着你老公,夸他,你好棒啊,各方面都好棒啊,你怎么这么棒啊,情绪还很稳定,哇你们家那媳妇儿怎么天天老说你啊,不行,我可看不惯,出来喝两杯。你怎么面对这个局面? 直接把这女的吓麻了......",2025/4/8,热门,https://weibo.com/5153071387642173/PmgD0w44R,消极
5.1536E+15,10537,926,1234,无,"美国东部时间4月8日,美方将此前宣布的对中国输美产品加征34%所谓""对等关税"",进一步提高50%至84%。 国务院关税税则委员会今天发布公告,自4月10日12时01分起,调整《国务院关税税则委员会关于对原产于美国的进口商品加征关税的公告》(税委会公告2025年第4号)规定的加征关税税率,原产于美国的所有进口商品的加征关税税率由34%提高至84%。",2025/4/9,热门,https://weibo.com/5153596619103081/Pmui9Cc7T,积极
5.15384E+15,5499,304,18,北京,"《斯布灵在前线》  跟着恋爱家友团 以及 的步伐,看手足护航,暖心把关的守护约会,今天12:00 ep05下集更新,各位嗑糖搭子千万不要错过!",2025/4/10,热门,https://weibo.com/5153837180258132/PmAya159q,积极
5.15319E+15,31974,1252,2884,无,"《习语|"",而不是一个小池塘""》""中国经济是一片大海,而不是一个小池塘""。习近平总书记曾以大海为喻,纵论中国经济。我们有底气,有信心,这片大海经受得起狂风骤雨的洗礼,抵御得住贸易寒流的侵袭,终将让世人见证""海纳百川""的从容与坚定。",2025/4/8,热门,https://weibo.com/5153190669716508/PmjJoELHS,积极
5.15366E+15,6153,156,2130,北京,史诗级抗抑郁采访,2025/4/9,热门,https://weibo.com/5153661228684042/PmvYmAr7c,积极
5.15349E+15,6013,277,631,无,"日前,中国网络上流行起一段毛泽东同志的讲话:""他们要打多久就打多久,我们一直打到完全胜利。""在美国对华发动""关税战""""贸易战""的背景下,这段话对中国人民是极大的鼓舞。 毛泽东同志讲这段话的背景是抗美援朝时期。上甘岭战役后,中国人民志愿军和朝鲜人民军在正面战场上完全掌握了主动。1953年1月,艾森豪威尔就任美国总统,当年2月7日,毛泽东发表这段讲话,表明了中国人民将抗美援朝战争进行到底的决心。 4月8日,美国总统特朗普称,中国没有按照规定日期对美国的关税要求作出回应,在美中达成协议之前,美国将对华征收104%的关税。",2025/4/9,热门,https://weibo.com/5153489895033426/Pmrw1l7qi,积极
5.15361E+15,5068,319,725,北京,这个提议太棒了!!!! 马上广而告之!! 然后艾特官方文旅 可以提前做好拍vlog的准备!!!,2025/4/9,热门,https://weibo.com/5153607603722326/PmuzSfClw,积极
5.15358E+15,3990,254,234,无," 问:据悉,美方发布tiktok延期行政令,延期75天,暂不实施美相关法律。请问商务部有何评论。 答:中方注意到相关情况。中方重申,中国政府一贯尊重和维护企业合法权益,营造市场化,法治化,国际化一流营商环境,反对无视市场经济规律,强取豪夺,损害企业正当权益的做法。 中方尊重企业间平等,自愿,公平的商业行为。具体商业安排必须符合中国法律,包括出口技术,须经中国政府依法审批。(商务部网站)",2025/4/9,热门,https://weibo.com/5153582156876035/PmtUPsQLN,积极
5.1535E+15,12057,590,3933,河南," 以美之名师徒决裂,医疗剧里的意难平,魏医生与乔主任,这对师徒间的情感纽带,紧紧缠绕又猝然崩裂。看护病人时,魏医生的专注里有乔主任言传身教的影子;面对突发状况,乔主任的严厉呵斥,是对生命重量的托举…但魏晓希还是选择跳槽跟着李起,甚至煽动格睦的一些医生一起跳槽,真是令人唏嘘…",2025/4/9,热门,https://weibo.com/5153498917506959/PmrKzvuTZ,积极
5.15347E+15,3351,315,111,无,"《想要鸡蛋?》在比利时首都布鲁塞尔的一家社区超市,鸡蛋货架上看起来供应充足,价格稳定。而大西洋彼岸的美国却陷入一场""鸡蛋荒""。对于美国政府给欧盟各国写信紧急求购鸡蛋,丹麦,法国,瑞典等国的回应几乎一致:欧洲没有多余的鸡蛋,难以援助。荷兰养殖户更是直言,除非美国先撤销20%的禽类产品关税,否则他们不会轻易扩大出口。美国农业部长警告称,""对等关税""可能导致美国鸡蛋价格短期内再次上涨。",2025/4/9,热门,https://weibo.com/5153469380430602/PmqYW1O1c,消极
5.15366E+15,220349,39070,186205,福建,永远没有告别就好了 晚安🌄,2025/4/9,榜单,https://weibo.com/5153661131952433/PmvYd8bUR,积极
5.15362E+15,253240,167448,251612,上海,《月亮》《月亮》《月亮》,2025/4/9,榜单,https://weibo.com/5153617188752183/PmuPkAIQf,积极
5.15324E+15,14615,604,460,无," ""你们弄得动我吗?我180多斤,我真站不住了……"" ""能!你要相信消防!"" 近日,河南洛阳,一男孩因贪玩翻出24楼窗外被困。消防赶到后,男孩扒在窗边,带着哭腔求救。消防员坚定回答""能"",随后用救援腰带将其固定,成功拉回楼道内!辛苦了!",2025/4/8,榜单,https://weibo.com/5153235960073640/PmkUs0j9K,积极
5.15328E+15,19268,811,226,无," 怀孕34周的小丽(化名)最近总是感觉到皮肤发痒,脸上不时发出红疹。她曾经听亲戚说发红疹是一种热毒,用""坟头草""这个偏方可以祛毒。 小丽上网研究了一下后,发现这种""坟头草""也叫""独脚金"",确实有清热解毒的功效。由于市面上很少,小丽偷偷爬上山拔了一些""坟头草""回来,晒干后煮水喝试试效果。几天之后,小丽的红疹症状没有减轻,身体反而感觉越来越累。有一天小丽突然脸色蜡黄,连眼球也变成了金黄色。 ",2025/4/8,榜单,https://weibo.com/5153279239787323/Pmm2fF483,消极
5.1531E+15,12158,982,157,广东,"皮埋避孕法。将一定剂量的孕激素放在硅胶囊管中,埋植入皮下,使其缓慢释放少量孕激素,从而起到避孕作用,一次效果维持4-6年。",2025/4/8,榜单,https://weibo.com/5153100935989431/PmhoFp87J,消极
5.15328E+15,30921,2434,515,无,"《:事情发生之前买房流程已经完成》 花了759万元买下的二手房,竟是套""凶宅""?3月11日,潮新闻一文上了热搜,引发了热议。买家王夕起诉原房东要求退房并返还购房款,一审已经胜诉。 然而被告(卖家)不服一审判决后提出上诉,目前尚在等待二审判决。 卖家是杭州的一位女医生,她说自己在卖房返租期间惨遭丧子之痛,孩子的悲惨离世如今却背负""凶宅""之名,对她来说更是雪上加霜。 前一篇报道,记者采访了买家,如今又联系到了卖家张元(化名)。 张元回忆说,双方是在2021年2月签订合同,约定交房时间是在2022年3月,产证过户时间是在2021年3月。至于为何要晚一年交房,张元告诉记者,当时买家因孩子教育需要紧急落户学区,着急过户,而自己也无法仓促另寻住所,所以提出返租一年。 ""返租这件事我跟中介反复确认过,买家也同意了。""张元说。她还向记者出示了她和中介的微信截图,签约当日她再次跟中介确认了返租一年的事宜。 ""我恪守承诺,3月完成过户和户口迁移,然而,命运却在同年4月返租期间给了我致命一击——我未满18岁的孩子,在这套房中永远离开了我。""张元至今仍沉浸在丧子的悲痛之中,""从医二十年,我救过很多病人,可当我的孩子毫无征兆地离去时,我连最后一句‘妈妈爱你’都没能说出口。这四年,我依然不敢面对孩子去世。"" 更让她难以接受的是,丧子之痛还引发了一场官司,""身为母亲,我每日活在剜心之痛中,对方却以‘凶宅’为名,将孩子的死亡作为退房借口。"" 张元哭着说:""在返租期孩子去世,这是客观事实。但事情发生之前,买房流程已经完成,对方也已经享受到了优质学籍。这几年因为市场原因,房子本身就跌了300万元,这个时候拿我孩子的事情要我以当时的房价退房,这是刀口上撒盐,对我来说太不公平,是我没办法承受的。"" 事实上,返租在二手房买卖过程中并不少见。房东出于各种原因,比如小孩读书,新房装修等,卖了房后还要再住上一段时间,业内称之为""返租""。 为了省去麻烦,一般很少有人会另行签订一份租赁合同,通常的做法是直接从房屋总价中减去一点来抵租金,但是不会在买卖合同中体现任何与租赁相关的字眼。 张元也没有单独签租赁合同。她完全没想到,在这期间会经历人生最惨痛的事,成为一名中年失独的母亲。 就这起官司,北京炜衡(杭州)律师事务所萧圣衍律师提醒所有的房东和购房者:""如果买卖双方都有较强的法律意识,签订买卖合同完成过户之后,再另行签订一份协议,根据房产实际交付才发生风险转移民法原则,对延迟交付的性质进行约定,则双方的法律责任也就很明晰了,不至于陷入如今这种扯不清的困境。"" (潮新闻 记者 蒋敏华)",2025/4/8,榜单,https://weibo.com/5153275076150690/PmlVxpO4G,中性
5.15318E+15,19208,937,407,无,"近日,有网友在社交媒体上发帖吐槽,乘坐南京地铁3号线时,被一张海报上的人脸吓了一跳。 记者检索发现,这张图出自话剧海报《海底两万里》,这部话剧将于5月10日至5月11日在南京上演。画面上有些""诡异""的男性人脸,是鹦鹉螺号的大副弗利波斯。4月6日,记者在地铁3号线卡子门站看到,海报上共有5名角色,列车停稳后,玻璃门正好映照出海报最右边的角色弗利波斯,引发了大家的误解。 当天上午,现代快报记者以乘客身份致电南京地铁,一名工作人员表示不太清楚此事,在询问了具体线路和海报位置后,称会反馈这个问题,并在三日内告知反馈结果。4月8日上午,南京地铁回电表示,和广告商已经进行过沟通,将于近日撤掉这张海报。 ",2025/4/8,榜单,https://weibo.com/5153184391102543/Pmjzh4COX,消极
5.15349E+15,9602,213,146,无,"《 外卖员:担心男子想不开》 近日,河北廊坊,王先生称准备和朋友烧烤,在网上点了一份炭。外卖小哥送来时,孩子睡了,就要他放门口,当时小哥愣了一下,问买它干嘛?自己就说烧烤,他犹豫了一会儿,结果第2天起来有10多个未接电话,还是两个号打来的,回拨过去发现是外卖小哥担心自己想不开。王先生说觉得挺感人的,第2天发去短信感谢了外卖小哥。",2025/4/9,榜单,https://weibo.com/5153491992971378/PmrzpcsZs,积极
5.15318E+15,12929,887,423,无," 据央视,近日,美国副总统万斯在谈及特朗普政府对华贸易政策时,声称美国向中国农民(chinese peasants)借钱,来购买中国农民制造的东西。对此,外交部发言人林剑表示,中方对中美经贸关系的立场已经讲得很清楚了。这位副总统说出这样无知又缺乏礼貌的话,令人诧异,也让人感到悲哀。",2025/4/8,榜单,https://weibo.com/5153175800644838/Pmjlq2HKC,消极
5.15364E+15,8980,263,59,四川,"美国主持人疯狂叫嚣:中国已经输了,全世界都在祈求和我们达成协议,美国掌握所有牌!!",2025/4/9,榜单,https://weibo.com/5153635450492343/PmviN2451,消极
5.15348E+15,147705,21810,93172,北京,久等了!《哇》(乍一看还有点儿不太适应《哈哈》《哈哈》,2025/4/9,榜单,https://weibo.com/5153476272456201/Pmra3aiY9,积极
5.15354E+15,24756,1396,3029,福建," 这位网友也是出名了,都有蓝v给你做视频了《比耶》 支持肖战维权,造谣辱骂肖战一定会付出代价。 下一个会是谁呢?我们拭目以待《haha》《haha》《haha》《haha》 ",2025/4/9,榜单,https://weibo.com/5153540981131082/PmsQq4Kfg,消极
5.15381E+15,5129,397,588,无,"面对美对华滥施关税,4月9日晚,中方再次新增多项对美反制措施:自4月10日12时01分起,,提高至84%。同日,商务部发布公告,将12家美国实体列入出口管制管控名单,将6家美国企业列入不可靠实体清单。如何理解中方立场?美方要如何走好接下来的路,处理好中美经贸关系?《关于中美经贸关系若干问题的中方立场》白皮书详细解答。详戳↓↓",2025/4/10,榜单,https://weibo.com/5153807362692069/PmzM4bikt,积极
5.15378E+15,49404,5041,1869,无,"特朗普在社交媒体发文称,鉴于超过75个国家已致电美国的代表机构,就与贸易,贸易壁垒,关税,汇率操纵以及非货币性关税等相关议题进行谈判以寻求解决方案,而且这些国家在我强烈建议下,未以任何方式,形式对美国进行报复,我已批准实施为期90天的暂停措施。在此期间大幅降低对等关税至10%,暂停措施立即生效。",2025/4/10,榜单,https://weibo.com/5153779201606097/Pmz2E6JON,消极
5.15317E+15,16525,377,852,北京,"关于对女性""失去第一次""的表达",2025/4/8,榜单,https://weibo.com/5153167052114173/Pmj7j8RZz,消极
5.1536E+15,79903,18497,16855,北京,"格子间注入新鲜补给,以悠适姿态焕启简约新象。 ",2025/4/9,榜单,https://weibo.com/5153595230523595/PmufV2cd5,积极
5.15343E+15,14016,1045,1227,河北,"美国加征关税,原来川普这么懂战略!",2025/4/9,榜单,https://weibo.com/5153428188168403/PmpUuygYr,消极
5.15359E+15,217741,61138,109701,浙江,"与雁子相识的这一年用两个词来形容就是:开心与圆满。 看到大家能喜欢你,我会感到开心,看到你一步步完成了心中所求所愿,我也会感到圆满。 看到你把自己养得很好,只想抱抱你,对你说一句——你真的很棒。 跟着大家一起追剧,重新看这段故事,你从澹州走出,在京城里闯出一片属于自己的天空,一步步变更好...我像与好友久别重逢,听着你诉说自己的故事。 在澹州海边小村庄里生活的17年,其中的心酸困境,在成为你的时光里我感同身受。但好在你和我都没有被这些苦难打败,反而将其化作心中动力。 回到庄家,纵使心中有怨与恨,却仍期待有亲人的一丝爱意,能温暖寒冷的冬日。但残酷的真相打破了一切虚伪,当面具掉落,伪善被揭开,留下的只有满腔的恨意与阴暗。 幸好,你没有踏入黑暗。 幸好,你已熟知如何与命运交手。 幸好,你又找到了新的自己。 你敢于对抗命运,敢于直面困境的勇气,总是能在危险中为自己拼出一条路,甚至可以用自己的这股子力量照亮她人...能和雁子相识,我才是最幸运的那个。 面对不公,忍耐与反抗都是痛苦的,那不如挣扎着站起来,让坏人伏罪,让所求圆满。未来可能会再次陷入困境,但只要有愿意打破它的勇气,就没有什么能困住你。 雁子想要的只有一个家,一份充满温暖的爱。 跌跌撞撞17年,好在,最后终于得偿所愿。 现在的你可以选择想要的人生,想要的生活,去到任何地方都是惬意幸福的,因为不管在哪里,你都可以确定自己有创造爱,拥有爱,享受爱的能力。 感谢 和制片人 选择我来演雁子;感谢 把《雁回时》这个故事从文字变成了一幕幕生动的画面;感谢 赋予了庄寒雁更加丰富的内核,也将这么精彩的故事呈现给大家;感谢 红花老师和所有参演的老师们,因为大家的共同演绎让《雁回时》这个故事""活""了起来;感谢《雁回时》台前幕后每一位小伙伴,大家的辛苦付出才有了如此优秀的作品。也感谢每一位""雁究生""的支持和喜爱,因为有你们的助力,才让雁子飞得更高,更远,雁子和我都已牢牢记住大家的爱意! 最后还要感谢小铃铛们一直以来的支持和付出,我们值得❤️ 能和雁子相识,和大家相识是我的幸运,今天我们不说再见,永远把这份圆满留在故事里。 ",2025/4/9,榜单,https://weibo.com/5153593004657056/PmuckjxvO,积极
5.15378E+15,10455,1251,1547,无,"《转发这一刻!《心》》 近日,陕西勉县一棵400多年的古旱莲,在孕育花蕾近十个月后迎来盛开。这是迄今已知,全国唯一的一株古旱莲。古旱莲开花时只有花而无叶,开出的花和水中的莲花很像,但生长在旱地,故称旱莲。(总台记者陈晨 陈武)",2025/4/10,榜单,https://weibo.com/5153777372103884/PmyZH8PjC,积极
5.15346E+15,18086,1422,1250,北京," 新配的半框眼镜架在高月香的鼻梁上,镜片映着过路的人来人往,顾客走到哪儿,她的笑脸就迎到哪儿。她的拇指一挑,伴随着""咔嗒""一声脆响,锁舌稳稳咬进锁扣,这动作她已演示过千百遍,金属碰撞的瞬间,她的嵴背也不自觉地挺直了几分。 ",2025/4/9,榜单,https://weibo.com/5153463730438270/PmqPP1Q0S,积极
5.1536E+15,18194,1917,577,北京,"干得漂亮!这就是特朗普等了一夜等来的电话:中国宣布对所有原产美国的进口商品再加征50%的关税!!! 让特朗普团队看懂什么是中国,让世界看清什么是正义!!! ",2025/4/9,榜单,https://weibo.com/5153597853276096/Pmuk9dKgg,积极
5.15319E+15,33270,2647,552,无,"  近日,山东淄博女子苗苗(化名)向现代快报反映,2023年她订婚后向男友提出分手,结果遭对方性侵。报案后,警方对此立案侦查并移交检察院起诉。然而,事发近两年,苗苗却等来了撤案通知书。 淄博市公安局张店分局回应称,检察院将案件退回后,公安机关发现确实不应追究男方刑事责任,因此才做出撤案处理。至于其中的具体原因以及为何案发近两年时间才撤案,该人员并未做出解释。现代快报记者多次致电张店区检察院,未获回复。 苗苗称,在作出撤案决定后,相关民警曾口头告知她撤案是因证据不足,不过,她无法接受这一说法。目前,她已经向检察院提出撤案监督,正在通过合法手段维权。 ",2025/4/8,榜单,https://weibo.com/5153185001898713/PmjAg7XWp,消极
5.15383E+15,60181,8116,2464,浙江,好玩儿~,2025/4/10,榜单,https://weibo.com/5153832906264385/PmArgqhEt,积极
5.15346E+15,11022,349,221,广东,刷到请别无视 父母扫病日 🧹,2025/4/9,榜单,https://weibo.com/5153460682493049/PmqKUasyt,积极
5.15361E+15,6966,530,668,无,"《🇨🇳!》 贸易战没有赢家,中方不愿打贸易战,但中国政府也绝不会坐视中国人民的正当权益被损害和剥夺,如果美方执意进一步升级经贸限制措施,中方有坚定的意志,丰富的手段,必将坚决反制,并奉陪到底。",2025/4/9,榜单,https://weibo.com/5153613399721086/PmuJdEMTI,消极
5.15356E+15,7332,242,1271,重庆,医生:你这猫以后尾巴会长很大哦🐈,2025/4/9,榜单,https://weibo.com/5153559332785339/Pmtk1bGAP,积极
5.15349E+15,20140,2817,1516,北京,36啦~《蛋糕》🌸《兔子》《给你小心心》,2025/4/9,榜单,https://weibo.com/5153491925603227/PmrzinvED,积极
5.15353E+15,378499,50991,157697,北京,《太阳》《太阳》《太阳》,2025/4/9,榜单,https://weibo.com/5153529972396831/PmsyFa3wz,积极
5.1536E+15,55663,11852,31316,北京, 忙里偷闲咯~~ ,2025/4/9,榜单,https://weibo.com/5153599539380408/PmumRDmgU,积极
5.15325E+15,105385,38430,75158,四川,银🦊,2025/4/8,榜单,https://weibo.com/5153245107847439/Pml9cwVtB,积极
5.15354E+15,47536,4900,1478,北京,"4月9日下午,外交部举行例行记者会。有记者就美国对华征收104%关税进行提问。 外交部发言人林剑:中国人民的正当发展权利不容剥夺,中国的主权,安全,发展利益不容侵犯。我们将继续采取坚决有力的措施,维护自身的正当权益。",2025/4/9,榜单,https://weibo.com/5153540122348435/PmsP29QVZ,积极
5.15365E+15,11433,269,4851,福建,"近视党的福音来啦!适合100-800度的朋友们,跟着做你的世界可以更明亮!",2025/4/9,榜单,https://weibo.com/5153651317277740/PmvInuxgU,消极
5.1537E+15,11905,1207,408,美国,"对美所有进口商品关税再提高50%# 翻译税王的观点:🇨🇳你等着,🇺🇸先去75个国家回点血,然后再来收十你;75个国家,你们过来,让🇺🇸挨个咬一口(这是给你们荣耀的待遇让你们被🇺🇸吸血) 75个国家:那精神老头子又作妖 墨西哥***:兄弟们,🇺🇸给出了新活路,直接从🇨🇳进货,出口到🇺🇸,与🇺🇸合伙人一起赚115%的利润,不用做非法的**生意了。 税王:暂停高关税90天,对中国关税升到125%~税王让这些国家在90天内获得了一条具有115%利润(125-10=115)潜力的生财之道,中国的厂家按照原价出口,这些国家将这些产品加价向美国出售,反正最终确保美国消费者愉快的支付125%的溢价就可以了。税王再次完美展示对于关税的理解是七窍已通六窍。 看了下,特朗普的truth social上说是75个国家,全球新增特朗普钦点阳澄湖75个,接下来就可以利润100%的利润能激发出什么活力了。没准特朗普可能有个意外的收获:某些边境团体,大概率就改邪归正,改成搞合法商品快递业务了。 顺带说一句,这下,这个所谓的关税,真的应该去搞个新名字了",2025/4/10,榜单,https://weibo.com/5153703334773525/Pmx4hk1Ol,中性
5.15325E+15,12568,1520,808,河南,又又又hk小徒步👭 好久不见的姐妹 找一下大学时候的感觉… ,2025/4/8,榜单,https://weibo.com/5153254917544771/Pmlp1vEJR,积极
5.15316E+15,49803,11510,10403,上海,"零零碎碎 ♪♭ (江家班开始排练了,巡演见) 4/12 广州 4/19 上海 5/02 郑州 5/10 南昌 5/25 长沙 ",2025/4/8,榜单,https://weibo.com/5153155286567945/PmiOkryCB,积极
5.15285E+15,26241,685,720,重庆,"这是我今年看评论,看到最搞笑的一个了",2025/4/7,榜单,https://weibo.com/5152854813968377/PmaZHgEm5,积极
5.14602E+15,2726238,1000000,1000000,湖北,"属于唐奇的故事就到这里啦 希望每一个看过 的你都可以悦纳自己 或许生活中会有不完美 但每一个真实的你 已经足够美好 ""你就是你存在的原因"" 在千变万化的世界里 别让外界的风幡框定自己 最重要的是 你是你 任风动幡动 本心不动 ",2025/3/19,明星,https://weibo.com/5146018875965609/Pjj9Zp1Vv,积极
5.15068E+15,1054911,107295,1000000,北京,曾经在我脑海里无数次编排那帅气模样,2025/4/1,明星,https://weibo.com/5150681498650391/PlgslAimr,积极
5.15327E+15,1181293,323225,937282,上海,晚上好,2025/4/8,明星,https://weibo.com/5153273036149245/PmlSfpNHn,积极
5.15361E+15,45196,21256,21394,上海,花和阳光都刚好《微风》,2025/4/9,明星,https://weibo.com/5153607546310978/PmuzMqtLY,积极
5.15346E+15,241083,61257,1000000,北京, 点击进入🎮,2025/4/9,明星,https://weibo.com/5153460493487748/PmqKBeDk0,积极
5.14518E+15,136599,21334,190114,北京,"行至终章,向朗先陪大家到这里啦,再会《哄蜜》",2025/3/17,明星,https://weibo.com/5145184682904414/PiXswcbzo,积极
5.14333E+15,100742,231957,1000000,云南,"只有努力是不会被辜负的,你好1983,夏晓兰未来见!",2025/3/12,明星,https://weibo.com/5143327030382317/Pib8j1Bsp,积极
5.14341E+15,3058897,1000000,1000000,广东,""" 商海浮沉,乱世存赤诚。你好,何贤。""",2025/3/12,明星,https://weibo.com/5143406201276754/Pidc05m8O,积极
5.15328E+15,1233030,549657,1000000,北京,又回到了山城《嘻嘻》!!!吃了次烧烤太好吃了!又回到一些熟悉的地方!每次都会有同样的一个感觉反复出现!太熟悉了!一切都太熟悉了! ,2025/4/8,明星,https://weibo.com/5153284893445724/Pmmbnesoc,积极
5.15274E+15,104825,52126,130640,北京," 我命由我,我自向前。幸会,方婉之。 ",2025/4/7,明星,https://weibo.com/5152743933346327/Pm86Re2x1,积极
5.15356E+15,48883,21064,22109,浙江,✈️,2025/4/9,明星,https://weibo.com/5153563890158170/Pmtrn0F98,积极
5.15359E+15,7853,217,5,无," 登陆少年组合日常角 朱志鑫,张泽禹,张极,左航,苏新皓,拍摄花絮+渴望就可能练习室",2025/4/9,明星,https://weibo.com/5153586787910613/Pmu2ixbUx,中性
5.15258E+15,10575,1285,2332,广东, 猜猜什么时候?,2025/4/6,明星,https://weibo.com/5152577164152483/Pm3LShqfx,积极
5.14595E+15,116682,1713,1298,北京," 红幕轻启,缓缓进入演出序幕,演员 来了!",2025/3/19,明星,https://weibo.com/5145954564181177/PjhughxIl,积极
5.14949E+15,1023695,386902,1000000,北京, 提问:抓到所有人需要用多少步?,2025/3/29,明星,https://weibo.com/5149490387883535/PkLtcx4RN,积极
5.14919E+15,103578,715197,1000000,北京," 万能的米饭搭子,好吃!🥣",2025/3/28,明星,https://weibo.com/5149189529143241/PkDDWCmzD,积极
5.15137E+15,939760,536331,1000000,湖南,再来一弹,2025/4/3,明星,https://weibo.com/5151365417402569/Plyfrv3Kh,积极
5.15325E+15,169499,57180,186056,北京,⏮️,2025/4/8,明星,https://weibo.com/5153248239946431/PmlefFJwj,积极
5.15324E+15,88596,2252,1439,北京, 偶遇一场落日霞光和正在看落日的他 ,2025/4/8,明星,https://weibo.com/5153238950611106/PmkZh2yYy,积极
5.15201E+15,1084517,1000000,1000000,江西,"#8 开春了《有时间》就去了森林公园踏青赏花👀 如今城市内也有好多公园和绿化广场,想要体会大自然的快乐,可以说走就走,去离家最近的公园转转。(感谢各位辛苦维持绿化的工作者们🫡) 想起了家里那棵既能开花又能结果的桃树,原本只是来看看桃花,未曾想奥森这里还有许多可爱的动物朋友们,完全不怕生,还理直气壮地找我要东西吃,如果我能听懂它们的话语,大概是:""人!吃的放下!谢谢!""(不用谢😟 大家也借着这好春光,探索下离你最近的那个公园广场吧~ 希望各位都有奇遇和好心情☺️",2025/4/5,明星,https://weibo.com/5152010258091830/PlP1vxX3o,积极
5.14992E+15,1661,469,618,北京," 那表情直接失控!这豆汁味道真的绝了,酸中带馊腐味,像放久发酸的豆浆又夹杂着莫名臭味,喝一口仿佛味觉在坐过山车。",2025/3/30,搞笑,https://weibo.com/5149920874202104/PkWFxhD9S,消极
5.15322E+15,3219,385,116,无,哪咤敖丙超萌表情包来袭!豪放派咤儿和温柔派丙丙的小表情简直是萌量超标的程度~这么可爱又实用的表情包赶紧用上啦!,2025/4/8,搞笑,https://weibo.com/5153218100990787/PmkrE49Kr,积极
5.15352E+15,1268,163,59,湖北,"急到语无伦次,特朗普:""那些国家纷纷打电话来,亲我的屁股(kissing my ass),他们急着想达成协议,说‘求求您了先生,让我们达成协议吧。我们什么都愿意做!’"" 没人比他更懂ass《允悲》 ",2025/4/9,国际,https://weibo.com/5153515890805514/PmsbX3nya,消极
5.15354E+15,653,224,62,江苏,"一位美国专家预测的世界格局:如果发生三战,只要不放原子弹,世界格局必将改变: 1,韩朝统一,北约解散 2,乌克兰放弃东部四州,拥抱欧洲加入欧盟 3,东盟发展超过欧洲,成为中美之后的第三大经济体 4,日本国不复存在,以附属国的形式加入统一后的朝鲜 5,俄罗斯放弃西伯利亚地区,接受乌克兰东部地区,加入欧盟 6,美国还是世界老大,打三战,发战争财,但是海外驻军大幅减少,亚洲地区不再是美国的势力范围 7,俄罗斯打败北约,向西开始发展,东部的西伯利亚留给中国开发 8,中国完成伟大复兴,祖国统一,开始以""中立国""的身份稳住亚洲。与美国在第二岛链为分界线各自发展 世界格局大变,各国和平发展,世界大同成为千年不变的目标!",2025/4/9,国际,https://weibo.com/5153536833490755/PmsJJeE6v,消极
5.15383E+15,353,125,61,无,"《 》""暂停征收关税90天""遭记者质疑,特朗普:我这叫灵活性,撞墙行不通就得绕着走。",2025/4/10,国际,https://weibo.com/5153825355468076/PmAf5mWuM,消极
5.15355E+15,2894,323,410,无,"近日,美国一线企业主莫尔森·哈特,结合其15年的一线制造业实战经验,发布文章""控诉""特朗普的关税政策,揭穿""关税能救‘美国制造’""的致命幻觉。 一关税再高也白搭!比如iphone,美国本土生产成本比中国加了关税还高。 二美国的工业级供应链(特别是电子元件)严重不足。 三美国想造也不会造。如果连技术都掌握不了,关税再高也逼不出""美国制造""。 四中美劳动力的差距不止在成本。中国劳动力专业素质过硬。 五美国基建拖后腿。 六即便手续顺利,在美国新建一座工厂至少需要两年。 七朝令夕改的关税政策让很多企业不敢""轻举妄动""。 八制造业的艰辛美国人并不习惯 九高喊""让美国再次伟大""无法凭空变出具备专业技能的劳动力,管理人才也断层。 十美国工业自动化部分早已被中国""碾压""。 莫尔森称特朗普的关税政策是""史上最糟糕的经济政策"",并对""关税战""的结局做出预测:制造业回不来,美国只会更穷。",2025/4/9,深度,https://weibo.com/5153552650996341/Pmt9f4bc1,积极
5.15369E+15,560,123,5,广东,"欧买噶,10%到手,睡觉",2025/4/10,财经,https://weibo.com/5153692698018667/PmwN7xE1l,积极
5.15383E+15,627,110,101,无,"《涨回960元!《吃瓜》》4月10日凌晨,国际贵金属期货大幅收涨,comex黄金期货涨3.67%报3099.8美元/盎司,创2020年3月以来最大盘中涨幅。国内品牌金饰价格也随之上扬。 查询发现,4月3日以来金饰价格下跌三次后又迎来三连涨。截至发稿,周生生金饰价格为959元/克,较4月7日低点上涨47元/克;老庙金饰价格为957元/克,较4月7日低点上涨39元/克;周大福金饰价格为960元/克,较4月7日低点上涨42元/克。 ",2025/4/10,财经,https://weibo.com/5153825644089083/PmAfyh9KX,消极
5.15345E+15,1192,133,785,广东,"毕淑敏谈自卑 毕淑敏在百家讲坛上谈了一个大家都会有的问题:自卑心态。自卑不仅仅影响我们的心理健康,甚至给我们的社交,工作,生活都带来了负面的影响,如何终结自卑心态,毕淑敏有自己的方法。 1,抛弃旧想法,建立新模式。 像有些人自卑是因为自己原生家庭不好,长大后总觉得自己处处不如人。这样的人,先要改变自己的这种旧想法,就像毕淑敏所说的,当你想到自己的出身不好时,不要立刻去想我哪里哪里不如人,而是要想出身那么不好,我还能混成现在这个样子,甚至有些人出身比我好却活得比我还差,说明我这个人够努力,有毅力,有优于其他人的地方,这才是我跟别人不一样的地方。 2,永远要相信自己的评价。 小到一件物品,大到你人生问题的抉择,你都要坚信自己内心的答案。不要说别人三言两语,或者别人的一个眼色,你就开始怀疑自己的选择是不是错了。 自卑的人就是容易变成墙头草,打破自卑就是要先坚定自己的想法,相信自己的判断。人生试错的机会很多,就算做错一两个选择也不会让你的人生覆灭的,所以放轻松,做一个有主见的人。",2025/4/9,读书,https://weibo.com/5153445095933229/PmqlLoTvf,积极
5.14993E+15,167,297,95,北京,"贫穷是一个熔炉,每当命运需要一个坏蛋或一个神人,就会把一个人投进去。 ——维克多.雨果",2025/3/30,读书,https://weibo.com/5149926188909610/PkWO6BnNo,中性
5.15238E+15,7258,1050,1329,无,"迎接春天的方式🌸 这次的出片绝对是场意外之喜,原本计划被打乱,寻寻觅觅之后,才有了这次的车顶赏花 ",2025/4/6,摄影,https://weibo.com/5152381789539018/PlYGKE1x8,积极
5.14621E+15,7536,444,1500,陕西,还要看一万次海。,2025/3/20,摄影,https://weibo.com/5146213562189579/Pjoe09bBN,积极
5.14597E+15,3024,853,93,北京,所以蔚来这算比宝马奥迪厉害???《疑问》,2025/3/19,车展,https://weibo.com/5145974603517224/Pji0AeKZq,消极
5.1511E+15,2075,214,51,安徽,这是我见过最霸道的奔驰,2025/4/2,车展,https://weibo.com/5151098403553827/PlriMeUvN,消极
5.15104E+15,3740,462,94,北京,"大家看清楚了么?这个视频里居然是无人驾驶。主驾没有坐人,只是单纯扣上安全带,不需要有人坐主驾,也不需要人手扶方向盘,就实现了智驾???如果发生事故,不光是这台车,有可能会牵连其他无辜车辆。首先,车主确实不应该这么""玩""智驾,自己才是自己安全的第一负责人。第二,视频中这台车是不是也没做到开启智驾的条件把控?甚至很多其他品牌智驾车型在这一块也没做到位。属于是车主和车企""双向奔赴""的结果了...",2025/4/2,车展,https://weibo.com/5151043668150797/PlpSuycot,消极
5.14343E+15,3084,371,255,福建,扶还是不扶?《吃瓜》,2025/3/12,车展,https://weibo.com/5143430042484838/PidOsaqq2,消极
5.15361E+15,3250,151,112,重庆,我不是剩饭 别等饿的时候再来找我,2025/4/9,颜值,https://weibo.com/5153605092381029/PmuvP9ZpH,积极
5.1536E+15,946,219,198,无, 经典y2k be like !,2025/4/9,综艺,https://weibo.com/5153597735308060/PmujXmgRS,积极
5.152E+15,6876,803,3735,无," 乘风2025二公选人现场,蒋一侨同时灭灯叶童倪虹洁的的动作真的太勇了!在面对自己一公的队友倪虹洁和自己的偶像叶童时,奔溃的大喊:""救命!苍天!大地!""在无法抉择的选项面前,选择了同时灭灯,这个动作直接惊呆了现场的吴宣仪和谢娜,马吟吟和现场姐姐们更是直呼:""太帅了!""",2025/4/5,综艺,https://weibo.com/5151996332740031/PlOF3buO3,积极
5.15198E+15,243,173,79,无," lyx lyx 你是最美的风景,和弥散的阳光一致。",2025/4/5,综艺,https://weibo.com/5151979942446005/PlOeCagjH,积极
5.15347E+15,408,187,278,无,"童年愿望被忽略已经习以为常?!童年在情感上""赊的账""利滚利,你欠自己多少""情绪高利贷""? 第二季第二期,和《纵横四海》主理人 ,国寿""星姐""何星润聊聊如何""重养自己""?🤔快来汲取能量,让内在小孩的声音被全世界听见!",2025/4/9,综艺,https://weibo.com/5153473574472724/Pmr5HiLyI,积极
5.15361E+15,5553,167,56,湖南," 哎,白冰冰这一生真的很不幸,自己女儿遭人绑架,女儿被侵犯后。绑匪还把她女儿手指寄给她,真的很难想象白冰冰是怎么撑过来的,到现在她看到女儿骨灰盒都会爆哭的程度。很能理解她想要孩子的想法,可能想让自己女儿以这种方式回到自己身边吧?老天给这个女孩一点点幸福吧",2025/4/9,综艺,https://weibo.com/5153612363992077/PmuHygKwl,消极
5.15241E+15,2992,599,2285,无," 看着娃娃突然走心自曝:""我原来单眼皮比我现在还单,就我训练生的时期...因为原来眼睛特别小,我要是不认真看人的话,就会显得我好像很生气一样。&quot;因为这个,南南还说自己曾躺上做双眼皮的手术台又被拉下来了,如今笑着摊手:""不好接触那就不接触咯。""从""被误解的倔强单眼皮""到""拽王认证""—— 所谓颜值偏见,不过是给灵魂镀层反骨的滤镜。抱一抱南南《抱一抱》",2025/4/6,综艺,https://weibo.com/5152407760933101/PlZmE3UK1,积极
5.15219E+15,468,527,6,无,"你们爱吗? 鹅黄色编织包 洋溢着夏日活力,松弛又大气 美感十足! 自己设计的鹅黄色编织包,构思时,我就想让它有夏日清新活力的同时,又有松弛feel。为了实现这个想法,我请来有十年手工经验的阿姨,用独特编织工艺精心打造,配上明亮又温柔的鹅黄色,一上身,好心情立刻上线!",2025/4/5,时尚,https://weibo.com/5152188271690419/PlTED75KP,积极
5.15249E+15,1523,136,125,天津,"老天爷…黄明昊赛车服正式上身更是帅的没边儿了🥹黄明昊——就是天生在各个方面上的""a""🕶️🏁 .",2025/4/6,时尚,https://weibo.com/5152494259274037/Pm1C9CUBf,积极
5.1528E+15,136599,24776,57384,北京,可爱人儿👧👧👧可爱鞋《哈哈》,2025/4/7,时尚,https://weibo.com/5152795855159816/Pm9sBlEiQ,积极
5.15206E+15,590,117,27,河南,"韩媒:可帮助美海军""下饺子"",一年造5艘""宙斯盾""战舰! 美国或许不用再为造舰严重延期而担忧了,韩国现代重工表示,(如果需要)其每年可以为美国建造5艘""宙斯盾""驱逐舰,并且还可以进一步扩充产能。该公司还称,目前其造船厂正在为国内外客户建造12艘水面舰艇,其中包括菲律宾和秘鲁的舰艇,仅",2025/4/5,军事,https://weibo.com/5152058429672457/PlQhcEAfn,消极
5.15318E+15,726,458,3,无,"说实话!经历过这次大跌还能留下来的,都是铁杆粉丝了!也算是一起度过人生中最惨的时刻,后面都是坦途!!!",2025/4/8,股市,https://weibo.com/5153179654161241/PmjrDhswN,积极
5.15183E+15,646,103,84,无,🫠啊……,2025/4/4,动漫,https://weibo.com/5151829671288165/PlKkf5p6R,积极
5.15309E+15,13305,3756,7227,北京,"在婺源吃到了神仙炒菜!!!巨巨巨有锅气《泪》新鲜的食材+最朴素的烹饪方式!!!每一道菜都超下饭!人均吃3碗……哈哈哈哈哈《喵喵》 自驾到婺源,几个人都超饿!!最终决定来吃这家,感觉是私房菜馆,开在一个小巷子里~但是味道真的一点也不普通《爱慕》冰柜里摆着各种新鲜的时令菜,直接能看到厨房里现",2025/4/8,旅游,https://weibo.com/5153088701728851/Pmh4W7fKH,积极
5.15169E+15,3511,264,299,无,"全国仅两只!王一博同款热烈鸭空降 !4月3日-4月14日,打卡倒计时!快来集邮~ 欢迎您~",2025/4/4,旅游,https://weibo.com/5151686260949023/PlGAW3YSP,积极
5.15308E+15,104,108,2,无," 宝子们,春日来临,不同场景给肌肤带来新挑战,这份春季特殊场景护肤秘籍快收好! 《心》《心》《心》 春游护肤 春天出门游玩超开心,可紫外线与花粉是肌肤大敌。 防晒是头等大事,选spf50+的防晒霜,每2小时就得补涂。别忘带上宽檐帽与墨镜,全方位阻挡紫外线。担心花粉过敏的姐妹,抗敏喷雾要随身携带,素颜出游更安心。回家后尽快清洁,先用温和洁面产品洗净灰尘与防晒霜,再进行后续护肤,让肌肤重归清爽。 《心》《心》《心》戴口罩护肤 长时间戴口罩,肌肤易闷痘。要选轻薄护肤品,减轻肌肤负担,比如用轻薄乳液代替厚重面霜。还可在口罩内垫纸巾,吸收水汽,每隔一阵找安全处摘下口罩透透气。基础护理注重保湿,选保湿好的爽肤水多拍几遍。厚重底妆先放放,用轻薄素颜霜或气垫,给肌肤""呼吸""空间。 《心》《心》《心》 妆前急救 想妆容服帖,妆前急救有妙招。妆前可先用化妆棉或压缩面膜浸满保湿化妆水,湿敷5分钟,让肌肤迅速补水。接着涂保湿妆前乳,为后续上妆打好基础。粉底液混合几滴精华油,能让质地更滋润,上脸不卡粉。定妆时,先距离脸部15 - 20厘米喷定妆喷雾,再用散粉轻扫一层,注意别多层叠加,这样持妆一整天没问题! 宝子们,按照不同场景好好护肤,这个春天让肌肤一直美美的!",2025/4/8,美妆,https://weibo.com/5153078790325631/PmgOX1mI7,积极
5.15313E+15,1028,2039,1022,广东,西医可以让你明明白白去世 中医可以让你迷迷煳煳活着,2025/4/8,健康,https://weibo.com/5153127642173519/Pmi5K97qL,中性
5.15277E+15,1057,183,12,无,任嘉伦全新音乐专辑《36·启》预告来了!好酷啊,2025/4/7,音乐,https://weibo.com/5152768671090033/Pm8KL4zzb,积极
5.15219E+15,2651,556,198,无," 论张子墨新歌与偶像剧能有多适配,没想到这首由十七岁少年 创作的《无人之境》这么有宿命感!完美适配偶像剧,也完全可以当ost的水平了!少年的确未来可期!cr:dy咲一咲",2025/4/5,音乐,https://weibo.com/5152187417892237/PlTDfx789,积极
5.15281E+15,2764,240,39,无," 丝路悠悠,祁连巍巍,丹霞流光,自然奇观的震撼,民族风情的多彩;这里是丝绸古道的归心之地,从七彩丹霞的绮丽,到自然奇观的大成之地,这里是华夏文明的起源,是千年文化的辉煌。走进河西走廊中部,祁连山北麓——肃南裕固族自治县。欢迎你!🎉🎉🎉🎊🎊🎊🌹 由四川师范大学,甘肃肃南裕固族自治县非物质文化遗产保护传承中心联合申报;项目主持:黄金中,何丽君#🎉🎉🎉🎊🎊🎊🌹 培训课程作品 《牧人》 作词:诺 敏 作曲:李德辉 演唱:黄金中",2025/4/7,音乐,https://weibo.com/5152808669023168/Pm9NgBRkY,积极
5.15216E+15,7665,625,2515,无,"来了一只小虫子""亲""了宝宝一口 ",2025/4/5,音乐,https://weibo.com/5152162384713018/PlSYSjM4q,积极
5.15318E+15,583,179,145,上海,"  福州站返场批文更新 信息仅供参考,一切请以工作室官宣为准。 时间:2025.11.15-16 场地:福州海峡奥体中心体育场",2025/4/8,音乐,https://weibo.com/5153179713407760/PmjrJeivS,积极
5.15192E+15,1454,145,65,无,"歌手,演员 在西湖演唱歌曲《美丽beutiful》,温柔的歌词配上西湖的夜景,是属于春天的一首歌!",2025/4/5,音乐,https://weibo.com/5151923490521400/PlMLz2bDG,积极
5.15313E+15,2186,1114,2063,北京,"""断崖式的爱情""mv 正式上线! 《沙尘暴》程春角色纪念曲 演唱: / 她不是奔向爱情,她只是想逃离那座 藏着流言的小城,锅炉和那个摊位。 她靠近了一个人,以为那是出口—— 结果,摔进了断崖。 🎬 这支mv,是她的全部回望。 从炽热到沉默,从盼望到放手。 现在,看",2025/4/8,音乐,https://weibo.com/5153129293680227/Pmi8pfrov,积极
5.15343E+15,354,193,286,山西," 西安| 谢谢你,我伟大的造梦者。让我的世界变得绚烂  《给你小心心》 hcy华晨宇",2025/4/9,音乐,https://weibo.com/5153427671746095/PmpTF7keP,积极
5.15346E+15,251,377,1,上海,"互动礼包冲冲冲!直接一发入魂遐蝶《酷》 不用签到《努力》在超话任意帖的转发,评论,点赞都行 满20次即可拿齐礼包 (礼包内容有星穹和通票) 大伙儿可以在这个帖底下完成互动任务⬇️ ",2025/4/9,游戏,https://weibo.com/5153460437913431/PmqKvxcDZ,中性
5.15268E+15,182,150,78,无,"沃野染新绿,农事催人忙,春光明媚的。",2025/4/7,三农,https://weibo.com/5152682068674075/Pm6v4Aowr,积极
